Location,Title,Year,Model,Price,Avg_Price,URL,Post_Date,Posting_Age,z_score
 (El florido),Honda civic 2012,2012,Civic,3400,7208,https://tijuana.craigslist.com.mx/cto/d/honda-civic-2012/6460087502.html,2018-01-14 22:50,33,-0.5283018867924528
 (South central),2000 Honda civic dx,2000,Civic,1000,1892,https://losangeles.craigslist.org/lac/cto/d/2000-honda-civic-dx/6480378802.html,2018-01-31 22:23,16,-0.4714587737843552
 (o c),"2003 HONDA CIVIC LX, HYBRID,, LOW MILES 098168 ON IT 2018 TAGS",2003,Civic,1400,2554,https://orangecounty.craigslist.org/cto/d/2003-honda-civic-lx-hybrid/6475204183.html,2018-02-01 15:54,16,-0.45184025058731403
 (o c),"2003 HONDA CIVIC LX, HYBRID,, LOW MILES 098168 ON IT 2018 TAGS",2003,Civic,1400,2554,https://orangecounty.craigslist.org/cto/d/2003-honda-civic-lx-hybrid/6473922999.html,2018-01-29 10:45,19,-0.45184025058731403
 (Monterey Park),2004 Honda Civic,2004,Civic,2000,3206,https://losangeles.craigslist.org/lac/cto/d/2004-honda-civic/6471705724.html,2018-01-24 15:03,24,-0.37616968184653776
 (Tijuana),Honda civic 2013,2013,Civic,5299,7860,https://tijuana.craigslist.com.mx/cto/d/honda-civic-2013/6499170197.html,2018-02-16 14:01,1,-0.32582697201017813
 (Coachella),2007 Honda civic sedan SI WHEELS AND BUMPER 105K OR TRADE,2007,Civic,3700,5292,https://palmsprings.craigslist.org/cto/d/2007-honda-civic-sedan-si/6498896012.html,2018-02-16 10:54,1,-0.30083144368858655
 (burbank),2005 honda civic,2005,Civic,2500,3517,https://losangeles.craigslist.org/sfv/cto/d/2005-honda-civic/6495687841.html,2018-02-13 17:17,4,-0.28916690361103214
 (el monte),2006 COBALT SS SUPERCHARGED / CIVIC SI RSX MIATA S2000 240SX STI EVO,2006,Civic,3500,4880,https://inlandempire.craigslist.org/cto/d/2006-cobalt-ss-supercharged/6453820837.html,2018-02-03 09:34,14,-0.2827868852459016
 (ZONA RIO),HONDA CIVIC 2010,2010,Civic,3995,5526,https://tijuana.craigslist.com.mx/cto/d/honda-civic-2010/6495167973.html,2018-02-15 10:39,2,-0.27705392689106045
 (Santa Monica),Honda Civic 2002,2002,Civic,1700,2297,https://losangeles.craigslist.org/wst/cto/d/honda-civic-2002/6483967579.html,2018-02-03 21:11,13,-0.25990422289943405
 (Monterey park),2004 Honda Civic,2004,Civic,2400,3206,https://losangeles.craigslist.org/lac/cto/d/2004-honda-civic/6464656757.html,2018-01-18 15:22,30,-0.2514036182158453
 (Riverside),Honda civic 2005 Riverside,2005,Civic,2800,3517,https://sandiego.craigslist.org/csd/cto/d/honda-civic-2005-riverside/6498263064.html,2018-02-15 20:38,1,-0.203866932044356
 (Idyllwild),2008 honda civic,2008,Civic,4300,5400,https://inlandempire.craigslist.org/cto/d/2008-honda-civic/6441147466.html,2018-01-25 12:04,23,-0.2037037037037037
 (NEWHALL),2002 HONDA CIVIC,2002,Civic,1900,2297,https://losangeles.craigslist.org/sfv/cto/d/2002-honda-civic/6463416725.html,2018-02-05 18:24,12,-0.17283413147583804
 (San Dieg),2011 Honda Civic,2011,Civic,5500,6613,https://sandiego.craigslist.org/csd/cto/d/2011-honda-civic/6499244106.html,2018-02-16 14:58,1,-0.1683048540753062
 (Palmdale),2008 Honda Civic,2008,Civic,4500,5400,https://losangeles.craigslist.org/ant/cto/d/2008-honda-civic/6464151494.html,2018-02-11 17:40,6,-0.16666666666666666
 (Palmdale),2008 Honda Civic,2008,Civic,4500,5400,https://losangeles.craigslist.org/ant/cto/d/2008-honda-civic/6464151494.html,2018-02-11 17:40,6,-0.16666666666666666
 (Van Nuys),2011 Honda Civic Good Condition low miles,2011,Civic,5900,6613,https://losangeles.craigslist.org/sfv/cto/d/2011-honda-civic-good/6496571886.html,2018-02-14 12:07,3,-0.10781793437169213
 (Los  Angeles),2007 honda  civic  lx clean  title,2007,Civic,4900,5292,https://losangeles.craigslist.org/lac/cto/d/2007-honda-civic-lx-clean/6498229910.html,2018-02-15 20:07,1,-0.07407407407407407
 (monterey park),2004 honda civic gx cng only 106 k mile w/ carpool decal +++++++++++++,2004,Civic,3000,3206,https://losangeles.craigslist.org/lac/cto/d/2004-honda-civic-gx-cng-only/6489966424.html,2018-02-11 18:00,6,-0.06425452276980662
 (Norwalk),2001 Honda Civic LX 104K!!!!!!!!!,2001,Civic,1999,2084,https://losangeles.craigslist.org/lgb/cto/d/2001-honda-civic-lx-104k/6497907212.html,2018-02-15 14:06,2,-0.040786948176583494
 (Irvine),2011 Honda Civic (with low miles and excellent engine condition),2011,Civic,6495,6613,https://orangecounty.craigslist.org/cto/d/2011-honda-civic-with-low/6465941733.html,2018-01-19 16:45,29,-0.017843641312566157
 (Tijuana),Honda civic 2012,2012,Civic,7200,7208,https://tijuana.craigslist.com.mx/cto/d/honda-civic-2012/6497034633.html,2018-02-14 20:15,2,-0.0011098779134295228
 (Tijuana),Honda civic 2012,2012,Civic,7200,7208,https://tijuana.craigslist.com.mx/cto/d/honda-civic-2012/6497034633.html,2018-02-14 20:15,2,-0.0011098779134295228
 (Tijuana),Venta honda civic 2012,2012,Civic,7200,7208,https://tijuana.craigslist.com.mx/cto/d/venta-honda-civic-2012/6477975897.html,2018-02-09 17:52,8,-0.0011098779134295228
 (Tijuana),Venta honda civic 2012,2012,Civic,7200,7208,https://tijuana.craigslist.com.mx/cto/d/venta-honda-civic-2012/6477975897.html,2018-02-09 17:52,8,-0.0011098779134295228
 (Long Beach),2007 Honda Civic LX,2007,Civic,5300,5292,https://losangeles.craigslist.org/lgb/cto/d/2007-honda-civic-lx/6473319067.html,2018-02-16 02:44,1,0.0015117157974300832
 (Bay Ho),2012 Honda Civic,2012,Civic,7300,7208,https://sandiego.craigslist.org/csd/cto/d/2012-honda-civic/6494415469.html,2018-02-12 15:53,5,0.012763596004439512
 (San Diego),2013 Honda Civic Ex-L,2013,Civic,7999,7860,https://sandiego.craigslist.org/nsd/cto/d/2013-honda-civic-ex/6496962565.html,2018-02-14 18:19,3,0.01768447837150127
 (Los  Angeles),2008 HONDA  CIVIC  HYBRID  CLEAN  TITLE,2008,Civic,5500,5400,https://losangeles.craigslist.org/lac/cto/d/2008-honda-civic-hybrid-clean/6496335208.html,2018-02-14 09:30,3,0.018518518518518517
 (Upland),2008 Honda civic coupe  $5500,2008,Civic,5500,5400,https://inlandempire.craigslist.org/cto/d/2008-honda-civic-coupe-5500/6466078587.html,2018-02-14 15:14,3,0.018518518518518517
 (Los angeles),Honda civic 2008,2008,Civic,5500,5400,https://losangeles.craigslist.org/lac/cto/d/honda-civic-2008/6470731074.html,2018-02-12 22:54,4,0.018518518518518517
 (Los angeles),Honda civic 2008,2008,Civic,5500,5400,https://losangeles.craigslist.org/lac/cto/d/honda-civic-2008/6492550479.html,2018-02-13 11:49,4,0.018518518518518517
 (Eastvale),2007 Honda Civic ex,2007,Civic,5400,5292,https://inlandempire.craigslist.org/cto/d/2007-honda-civic-ex/6479199689.html,2018-01-31 00:33,17,0.02040816326530612
 (LOS Angeles LA),HONDA CIVIC 2015 EX 4DOOR MOONROOF side camara automatico,2015,Civic,8996,8767,https://losangeles.craigslist.org/lac/cto/d/honda-civic-2015-ex-4door/6471990095.html,2018-01-24 20:33,23,0.026120679822059997
 (Gardena),2008 Civic coupe EX,2008,Civic,5600,5400,https://losangeles.craigslist.org/lgb/cto/d/2008-civic-coupe-ex/6492691121.html,2018-02-14 19:58,2,0.037037037037037035
 (Fontana),2007 Honda Civic EX,2007,Civic,5500,5292,https://inlandempire.craigslist.org/cto/d/2007-honda-civic-ex/6476720122.html,2018-01-29 01:53,19,0.039304610733182165
 (La Verne),2012 Honda Civic- LX 4d,2012,Civic,7500,7208,https://inlandempire.craigslist.org/cto/d/2012-honda-civic-lx-4d/6494609687.html,2018-02-12 19:25,4,0.04051054384017758
 (Indio),2008 Honda Civic,2008,Civic,5650,5400,https://losangeles.craigslist.org/lgb/cto/d/2008-honda-civic/6465133577.html,2018-01-19 06:35,29,0.046296296296296294
 (Indio),2008 Honda Civic,2008,Civic,5650,5400,https://losangeles.craigslist.org/lgb/cto/d/2008-honda-civic/6465133577.html,2018-01-19 06:35,29,0.046296296296296294
 (Indio),"2008 Honda Civic ""Low Miles""",2008,Civic,5650,5400,https://palmsprings.craigslist.org/cto/d/2008-honda-civic-low-miles/6463972817.html,2018-01-18 07:06,30,0.046296296296296294
 (Indio),"2008 Honda Civic ""Low Miles""",2008,Civic,5650,5400,https://palmsprings.craigslist.org/cto/d/2008-honda-civic-low-miles/6463972817.html,2018-01-18 07:06,30,0.046296296296296294
 (Hungtington park),2003 honda civic ex,2003,Civic,2700,2554,https://losangeles.craigslist.org/lac/cto/d/2003-honda-civic-ex/6494509859.html,2018-02-15 14:40,2,0.05716523101018011
 (korea town),honda civic lx 2011,2011,Civic,7000,6613,https://losangeles.craigslist.org/lac/cto/d/honda-civic-lx-2011/6482351110.html,2018-02-02 13:14,15,0.05852109481324663
 (Los angeles),Honda civic 2008,2008,Civic,5800,5400,https://losangeles.craigslist.org/lac/cto/d/honda-civic-2008/6470726973.html,2018-01-23 19:31,24,0.07407407407407407
 (Murrieta),2012 Honda Civic HF,2012,Civic,7750,7208,https://inlandempire.craigslist.org/cto/d/2012-honda-civic-hf/6495909756.html,2018-02-13 21:12,3,0.07519422863485016
 (Newport beach),2009 HONDA CIVIC LX COUPE 89000 MILES GAS SAVER $ 5900 OBO,2009,Civic,5900,5470,https://losangeles.craigslist.org/sfv/cto/d/2009-honda-civic-lx/6498044676.html,2018-02-15 16:05,2,0.07861060329067641
 (Newport beach),2009 HONDA CIVIC LX COUPE 89000 MILES GAS SAVER $ 5900 OBO,2009,Civic,5900,5470,https://sandiego.craigslist.org/csd/cto/d/2009-honda-civic-lx/6498039560.html,2018-02-15 16:00,2,0.07861060329067641
 (Newport beach),2009 HONDA CIVIC LX COUPE 89000 MILES GAS SAVER $ 5900 OBO,2009,Civic,5900,5470,https://orangecounty.craigslist.org/cto/d/2009-honda-civic-lx/6498042222.html,2018-02-15 16:08,2,0.07861060329067641
 (Newport beach),2009 HONDA CIVIC LX COUPE 89000 MILES GAS SAVER $ 5900 OBO,2009,Civic,5900,5470,https://losangeles.craigslist.org/sfv/cto/d/2009-honda-civic-lx/6498044676.html,2018-02-15 16:05,2,0.07861060329067641
 (Newport beach),2009 HONDA CIVIC LX COUPE 89000 MILES GAS SAVER $ 5900 OBO,2009,Civic,5900,5470,https://inlandempire.craigslist.org/cto/d/2009-honda-civic-lx/6498047807.html,2018-02-15 16:14,2,0.07861060329067641
 (Newport beach),2009 HONDA CIVIC LX COUPE 89000 MILES GAS SAVER $ 5900 OBO,2009,Civic,5900,5470,https://inlandempire.craigslist.org/cto/d/2009-honda-civic-lx/6498047807.html,2018-02-15 16:14,2,0.07861060329067641
 (Newport beach),2009 HONDA CIVIC LX COUPE 89000 MILES GAS SAVER $ 5900 OBO,2009,Civic,5900,5470,https://orangecounty.craigslist.org/cto/d/2009-honda-civic-lx/6498042222.html,2018-02-15 16:08,2,0.07861060329067641
 (Newport beach),2009 HONDA CIVIC LX COUPE 89000 MILES GAS SAVER $ 5900 OBO,2009,Civic,5900,5470,https://losangeles.craigslist.org/sfv/cto/d/2009-honda-civic-lx/6498044676.html,2018-02-15 16:05,2,0.07861060329067641
 (Newport beach),2009 HONDA CIVIC LX COUPE 89000 MILES GAS SAVER $ 5900 OBO,2009,Civic,5900,5470,https://inlandempire.craigslist.org/cto/d/2009-honda-civic-lx/6498047807.html,2018-02-15 16:14,2,0.07861060329067641
 (North Hollywood),Honda Civic Coupe!! 2005 Stick Shift!,2005,Civic,3800,3517,https://losangeles.craigslist.org/lac/cto/d/honda-civic-coupe-2005-stick/6469562434.html,2018-01-30 11:36,18,0.08046630651123117
 (Palmdale),2004 Honda Civic LX,2004,Civic,3500,3206,https://losangeles.craigslist.org/ant/cto/d/2004-honda-civic-lx/6495589111.html,2018-02-13 14:42,4,0.09170305676855896
 (Rowland Heights),Honnd Civic 2004 95000mi,2004,Civic,3500,3206,https://losangeles.craigslist.org/sgv/cto/d/honnd-civicmi/6488491483.html,2018-02-07 16:46,10,0.09170305676855896
 (Oceanside),2008 Honda Civic Coupe Silver Manual transmission,2008,Civic,5900,5400,https://sandiego.craigslist.org/nsd/cto/d/2008-honda-civic-coupe-silver/6494377051.html,2018-02-12 15:20,5,0.09259259259259259
 (Los Angeles),2012 Honda Civic LX (1 owner & clean Title),2012,Civic,7900,7208,https://losangeles.craigslist.org/lac/cto/d/2012-honda-civic-lx-1-owner/6475261591.html,2018-02-16 18:28,1,0.09600443951165372
 (LOS ANGELES),2012 Honda Civic LX (1 owner & clean Title),2012,Civic,7900,7208,https://losangeles.craigslist.org/lac/cto/d/2012-honda-civic-lx-1-owner/6481996040.html,2018-02-16 18:11,1,0.09600443951165372
 (Culver City),"2003 2003 Honda Civic !! ONLY 90k MILES !! clean title, hablo espa√±ol",2003,Civic,2800,2554,https://losangeles.craigslist.org/wst/cto/d/honda-civic-only-90k-miles/6444501780.html,2018-01-23 15:43,25,0.09631949882537197
 (Lake Forest),2009 Honda Civic 4dr sedan manual,2009,Civic,6000,5470,https://orangecounty.craigslist.org/cto/d/2009-honda-civic-4dr-sedan/6493319083.html,2018-02-11 19:31,5,0.09689213893967093
 (Virginia),HONDA Civic 2009 CNG 26k miles,2009,Civic,6000,5470,https://sandiego.craigslist.org/csd/cto/d/honda-civic-2009-cng-26k-miles/6483381270.html,2018-02-03 10:58,14,0.09689213893967093
 (Clairemont),blue Honda Civic 2011 4 doors,2011,Civic,7300,6613,https://sandiego.craigslist.org/csd/cto/d/blue-honda-civicdoors/6472804850.html,2018-01-25 13:39,23,0.10388628459095721
 (glendale ca),2012 Honda Civic LX,2012,Civic,8000,7208,https://losangeles.craigslist.org/sfv/cto/d/2012-honda-civic-lx/6483052535.html,2018-02-03 07:05,14,0.10987791342952276
 (Pacific Beach),2008 Honda Civic,2008,Civic,6000,5400,https://sandiego.craigslist.org/csd/cto/d/2008-honda-civic/6498047355.html,2018-02-15 16:07,2,0.1111111111111111
 (Pacific Beach),2008 Honda Civic,2008,Civic,6000,5400,https://sandiego.craigslist.org/csd/cto/d/2008-honda-civic/6498047355.html,2018-02-15 16:07,2,0.1111111111111111
 (CHULA VISTA),2008   HONDA   CIVIC,2008,Civic,6000,5400,https://sandiego.craigslist.org/ssd/cto/d/2008-honda-civic/6493988632.html,2018-02-12 10:48,5,0.1111111111111111
 (CHULA VISTA),2008   HONDA   CIVIC,2008,Civic,6000,5400,https://sandiego.craigslist.org/ssd/cto/d/2008-honda-civic/6493988632.html,2018-02-12 10:48,5,0.1111111111111111
 (Lake Forest),2008 Honda Civic Lx sedan 4 doors,2008,Civic,6000,5400,https://orangecounty.craigslist.org/cto/d/2008-honda-civic-lx-sedan-4/6494349921.html,2018-02-12 14:58,5,0.1111111111111111
 (Torrance),Honda civic 2007,2007,Civic,5900,5292,https://losangeles.craigslist.org/wst/cto/d/honda-civic-2007/6471998765.html,2018-01-27 09:29,21,0.11489040060468632
 (monterey park),2004 honda civic GX cng only 94k mi with decal ++++++++++++++++++++++,2004,Civic,3600,3206,https://losangeles.craigslist.org/lac/cto/d/2004-honda-civic-gx-cng-only/6489965870.html,2018-02-11 18:00,6,0.12289457267623206
 (Montclair),2006 Honda civic ex coupe,2006,Civic,5500,4880,https://inlandempire.craigslist.org/cto/d/2006-honda-civic-ex-coupe/6494702371.html,2018-02-12 22:31,4,0.12704918032786885
 (Murrieta),2006 Honda Civic EX,2006,Civic,5500,4880,https://inlandempire.craigslist.org/cto/d/2006-honda-civic-ex/6476357132.html,2018-01-28 15:15,20,0.12704918032786885
 (Riverside),Honda Civic 2015 EX Like New,2015,Civic,9900,8767,https://sandiego.craigslist.org/csd/cto/d/honda-civic-2015-ex-like-new/6464204444.html,2018-02-15 12:30,2,0.12923462986198245
 (riverside),2015 Honda Civic EX- Low mileage,2015,Civic,9900,8767,https://losangeles.craigslist.org/lgb/cto/d/2015-honda-civic-ex-low/6446905489.html,2018-01-27 10:41,21,0.12923462986198245
 (Riverside),2007 Honda civic,2007,Civic,6000,5292,https://inlandempire.craigslist.org/cto/d/2007-honda-civic/6444380481.html,2018-01-26 18:46,22,0.13378684807256236
 (Lomita),2003 Honda Civic EX,2003,Civic,2900,2554,https://losangeles.craigslist.org/wst/cto/d/2003-honda-civic-ex/6493123499.html,2018-02-11 15:39,6,0.13547376664056382
 (OBO),2015 Honda Civic LX Clean Title Carfax,2015,Civic,9995,8767,https://palmsprings.craigslist.org/cto/d/2015-honda-civic-lx-clean/6499217680.html,2018-02-16 14:37,1,0.14007071974449642
 (Corona),2015 Honda Civic LX Coupe Clean Title,2015,Civic,9995,8767,https://orangecounty.craigslist.org/cto/d/2015-honda-civic-lx-coupe/6495759302.html,2018-02-16 10:08,1,0.14007071974449642
 (OBO),2015 Honda Civic LX Clean Title Carfax,2015,Civic,9995,8767,https://palmsprings.craigslist.org/cto/d/2015-honda-civic-lx-clean/6499217680.html,2018-02-16 14:37,1,0.14007071974449642
 (OBO),2015 Honda Civic LX Clean Title Carfax,2015,Civic,9995,8767,https://palmsprings.craigslist.org/cto/d/2015-honda-civic-lx-clean/6499217680.html,2018-02-16 14:37,1,0.14007071974449642
 (OBO),2015 Honda Civic LX Clean Title Nice and Clean 80k Miles,2015,Civic,9995,8767,https://sandiego.craigslist.org/nsd/cto/d/2015-honda-civic-lx-clean/6496995679.html,2018-02-14 19:09,2,0.14007071974449642
 (OBO),2015 Honda Civic LX Clean Title Nice and Clean 80k Miles,2015,Civic,9995,8767,https://sandiego.craigslist.org/nsd/cto/d/2015-honda-civic-lx-clean/6496995679.html,2018-02-14 19:09,2,0.14007071974449642
 (OBO),2015 Honda Civic LX Clean Title Nice and Clean 72k Miles,2015,Civic,9995,8767,https://palmsprings.craigslist.org/cto/d/2015-honda-civic-lx-clean/6497038420.html,2018-02-14 20:23,2,0.14007071974449642
 (OBO),2015 Honda Civic sedan clean title+carfax,2015,Civic,9995,8767,https://losangeles.craigslist.org/sgv/cto/d/2015-honda-civic-sedan-clean/6496789453.html,2018-02-14 15:02,3,0.14007071974449642
 (OBO),2015 Honda Civic LX Clean Title Nice and Clean Sedan,2015,Civic,9995,8767,https://orangecounty.craigslist.org/cto/d/2015-honda-civic-lx-clean/6496788797.html,2018-02-14 15:02,3,0.14007071974449642
 (OBO),2015 Honda Civic sedan clean title+carfax,2015,Civic,9995,8767,https://losangeles.craigslist.org/sgv/cto/d/2015-honda-civic-sedan-clean/6496789453.html,2018-02-14 15:02,3,0.14007071974449642
 (OBO),2015 Honda Civic LX Clean Title Nice and Clean Sedan,2015,Civic,9995,8767,https://orangecounty.craigslist.org/cto/d/2015-honda-civic-lx-clean/6496788797.html,2018-02-14 15:02,3,0.14007071974449642
 (Thousand Oaks),2015 Honda Civic,2015,Civic,10000,8767,https://ventura.craigslist.org/cto/d/2015-honda-civic/6487955574.html,2018-02-15 09:00,2,0.14064104026462873
 (Pacific Beach),2008 Honda Civic,2008,Civic,6200,5400,https://sandiego.craigslist.org/csd/cto/d/2008-honda-civic/6449083905.html,2018-02-02 17:30,15,0.14814814814814814
 (Pacific Beach),2008 Honda Civic,2008,Civic,6200,5400,https://sandiego.craigslist.org/csd/cto/d/2008-honda-civic/6449083905.html,2018-02-02 17:30,15,0.14814814814814814
 (national city),2011 Honda Civic Sedan Automatic --- LOW MILES,2011,Civic,7600,6613,https://sandiego.craigslist.org/ssd/cto/d/2011-honda-civic-sedan/6478786787.html,2018-01-30 14:31,18,0.14925147436866779
 (Whittier),2014 honda civic lx clean title low miles gas saver,2014,Civic,8950,7719,https://losangeles.craigslist.org/wst/cto/d/2014-honda-civic-lx-clean/6470216546.html,2018-02-15 12:14,2,0.1594766161419873
 (KOREA TOWN),2013 HONDA CIVIC * CLEAN TITLE # BY OWNER,2013,Civic,9200,7860,https://losangeles.craigslist.org/lac/cto/d/2013-honda-civic-clean-title/6498296823.html,2018-02-15 21:46,1,0.17048346055979643
 (KOREA TOWN),HONDA CIVIC 2013 !! MUST SEE // SELL BY OWNER* CLEAN TITLE,2013,Civic,9200,7860,https://losangeles.craigslist.org/lac/cto/d/honda-civic-2013-must-see/6499051142.html,2018-02-16 12:38,1,0.17048346055979643
" (Riverside, CA)",2009 Honda Civic Hybrid,2009,Civic,6500,5470,https://inlandempire.craigslist.org/cto/d/2009-honda-civic-hybrid/6499393062.html,2018-02-16 17:17,1,0.1882998171846435
 (Fontana ca),2007 Honda Civic ex,2007,Civic,6300,5292,https://inlandempire.craigslist.org/cto/d/2007-honda-civic-ex/6498343117.html,2018-02-16 00:12,1,0.19047619047619047
 (Fontana ca),2007 Honda Civic ex,2007,Civic,6300,5292,https://inlandempire.craigslist.org/cto/d/2007-honda-civic-ex/6498343117.html,2018-02-16 00:12,1,0.19047619047619047
 (San diego),2008 honda civic,2008,Civic,6450,5400,https://sandiego.craigslist.org/csd/cto/d/2008-honda-civic/6492620981.html,2018-02-11 08:29,6,0.19444444444444445
 (San diego),2008 honda civic,2008,Civic,6450,5400,https://sandiego.craigslist.org/csd/cto/d/2008-honda-civic/6492620981.html,2018-02-11 08:29,6,0.19444444444444445
 (Los Angeles),2011 Honda Civic LX (No Accident & Clean Title),2011,Civic,7900,6613,https://losangeles.craigslist.org/lac/cto/d/2011-honda-civic-lx-no/6495367050.html,2018-02-15 12:01,2,0.19461666414637835
 (Newport beach),2015 Honda Civic LX**3 YEAR OLD CAR*** GREAT DEAL,2015,Civic,10500,8767,https://orangecounty.craigslist.org/cto/d/2015-honda-civic-lx3-year-old/6492831358.html,2018-02-16 17:18,1,0.19767309227786015
 (Newport beach),2015 Honda Civic LX*** 1 OWNER| CLEAN TITLE| CLEAN CARFAX***,2015,Civic,10500,8767,https://orangecounty.craigslist.org/cto/d/2015-honda-civic-lx-1-owner/6494496111.html,2018-02-15 10:34,2,0.19767309227786015
 (Newport beach),2015 HONDA CIVIC ***1 OWNER| Clean Title| Clean Carfax***,2015,Civic,10500,8767,https://orangecounty.craigslist.org/cto/d/2015-honda-civic-1-owner/6494078459.html,2018-02-14 12:36,3,0.19767309227786015
" (Venice, CA)",Honda Civic Coupe EX-L 2008,2008,Civic,6500,5400,https://losangeles.craigslist.org/lac/cto/d/honda-civic-coupe-ex-2008/6488098541.html,2018-02-10 12:47,7,0.2037037037037037
 (Acton),2008 Honda civic,2008,Civic,6500,5400,https://losangeles.craigslist.org/ant/cto/d/2008-honda-civic/6486320818.html,2018-02-06 04:18,11,0.2037037037037037
 (Governor drive),2008 Honda Civic Coupe EX,2008,Civic,6500,5400,https://sandiego.craigslist.org/csd/cto/d/2008-honda-civic-coupe-ex/6486128604.html,2018-02-05 19:17,11,0.2037037037037037
 (Acton),2008 Honda civic,2008,Civic,6500,5400,https://losangeles.craigslist.org/ant/cto/d/2008-honda-civic/6486320818.html,2018-02-06 04:18,11,0.2037037037037037
 (National City),2002 Honda Civic,2002,Civic,2800,2297,https://sandiego.craigslist.org/csd/cto/d/2002-honda-civic/6481901576.html,2018-02-13 08:37,4,0.21898127993034391
 (Long Beach),2012 Honda Civic NGV with Navigation,2012,Civic,8800,7208,https://losangeles.craigslist.org/lgb/cto/d/2012-honda-civic-ngv-with/6488612238.html,2018-02-07 19:09,9,0.22086570477247502
 (HUNTINTON PK),2016 HONDA CIVIC EX GRAY SEDAN CAMARA 4DOORS,2016,Civic,11996,9815,https://losangeles.craigslist.org/lac/cto/d/2016-honda-civic-ex-gray/6484991244.html,2018-02-05 00:14,12,0.22221090168110036
 (BUENA PARK),2011 HONDA CIVIC EX COUPE (WHITE),2011,Civic,8100,6613,https://orangecounty.craigslist.org/cto/d/2011-honda-civic-ex-coupe/6461294750.html,2018-02-01 00:26,16,0.2248601239981854
 (GG),Honda Civic EX 2007,2007,Civic,6500,5292,https://orangecounty.craigslist.org/cto/d/honda-civic-ex-2007/6490768763.html,2018-02-09 14:04,8,0.22826908541194255
 (irvine),2007 Honda Civic EX,2007,Civic,6500,5292,https://orangecounty.craigslist.org/cto/d/2007-honda-civic-ex/6482784966.html,2018-02-02 20:44,14,0.22826908541194255
 (irvine),2007 Honda Civic EX,2007,Civic,6500,5292,https://orangecounty.craigslist.org/cto/d/2007-honda-civic-ex/6482784966.html,2018-02-02 20:44,14,0.22826908541194255
 (Rancho San Diego),"2007 Honda Civic LX Excellent Condition, Low Miles!",2007,Civic,6500,5292,https://sandiego.craigslist.org/esd/cto/d/2007-honda-civic-lx-excellent/6475914246.html,2018-01-30 15:36,18,0.22826908541194255
 (Paramount),2012 HONDA CIVIC LX,2012,Civic,8900,7208,https://losangeles.craigslist.org/lgb/cto/d/2012-honda-civic-lx/6463302463.html,2018-02-13 09:47,4,0.23473917869034405
 (Ontario),Honda Civic LX 2015,2015,Civic,10900,8767,https://inlandempire.craigslist.org/cto/d/honda-civic-lx-2015/6499191230.html,2018-02-16 14:28,1,0.2432987338884453
 (Ontario),Honda Civic LX sedan 2015,2015,Civic,10900,8767,https://losangeles.craigslist.org/lac/cto/d/honda-civic-lx-sedan-2015/6474099617.html,2018-02-15 11:05,2,0.2432987338884453
 (Ontario),Honda Civic LX sedan 2015,2015,Civic,10900,8767,https://losangeles.craigslist.org/lac/cto/d/honda-civic-lx-sedan-2015/6474099617.html,2018-02-15 11:05,2,0.2432987338884453
 (Wilmington),Dependable and clean 2012 Honda Civic LX sedan,2012,Civic,8995,7208,https://orangecounty.craigslist.org/cto/d/dependable-and-clean-2012/6488600241.html,2018-02-16 13:39,1,0.24791897891231965
 (Wilmington),Dependable and clean 2012 Honda Civic LX sedan,2012,Civic,8995,7208,https://orangecounty.craigslist.org/cto/d/dependable-and-clean-2012/6488600241.html,2018-02-16 13:39,1,0.24791897891231965
 (Anaheim),2012 civic leather/nav/sunroof,2012,Civic,8999,7208,https://orangecounty.craigslist.org/cto/d/2012-civic-leather-nav-sunroof/6471948703.html,2018-01-24 19:27,23,0.24847391786903442
 (Corona),2012 Honda Civic Natural Gas,2012,Civic,9000,7208,https://sandiego.craigslist.org/nsd/cto/d/2012-honda-civic-natural-gas/6485012505.html,2018-02-05 02:08,12,0.2486126526082131
 (Corona),2012 Honda Civic Natural Gas,2012,Civic,9000,7208,https://inlandempire.craigslist.org/cto/d/2012-honda-civic-natural-gas/6485013966.html,2018-02-05 02:15,12,0.2486126526082131
 (Corona),2012 Honda Civic Natural Gas,2012,Civic,9000,7208,https://orangecounty.craigslist.org/cto/d/2012-honda-civic-natural-gas/6485013990.html,2018-02-05 02:16,12,0.2486126526082131
 (Corona),2012 Honda Civic Natural Gas,2012,Civic,9000,7208,https://palmsprings.craigslist.org/cto/d/2012-honda-civic-natural-gas/6485014143.html,2018-02-05 02:17,12,0.2486126526082131
 (Corona),2012 Honda Civic Natural Gas,2012,Civic,9000,7208,https://inlandempire.craigslist.org/cto/d/2012-honda-civic-natural-gas/6485013966.html,2018-02-05 02:15,12,0.2486126526082131
 (Corona),2012 Honda Civic Natural Gas,2012,Civic,9000,7208,https://orangecounty.craigslist.org/cto/d/2012-honda-civic-natural-gas/6485013990.html,2018-02-05 02:16,12,0.2486126526082131
 (Corona),2012 Honda Civic Natural Gas,2012,Civic,9000,7208,https://palmsprings.craigslist.org/cto/d/2012-honda-civic-natural-gas/6485014143.html,2018-02-05 02:17,12,0.2486126526082131
 (Corona),2012 Honda Civic Natural Gas,2012,Civic,9000,7208,https://orangecounty.craigslist.org/cto/d/2012-honda-civic-natural-gas/6485013990.html,2018-02-05 02:16,12,0.2486126526082131
 (Corona),2012 Honda Civic Natural Gas,2012,Civic,9000,7208,https://palmsprings.craigslist.org/cto/d/2012-honda-civic-natural-gas/6485014143.html,2018-02-05 02:17,12,0.2486126526082131
 (Riverside),2003 Honda Civic,2003,Civic,3200,2554,https://inlandempire.craigslist.org/cto/d/2003-honda-civic/6463849460.html,2018-01-18 04:24,30,0.2529365700861394
 (Santa Clarita),"2009 Honda Civic Sedan with 104k miles, Well Kept/1-Owner Clean Carfax",2009,Civic,6900,5470,https://losangeles.craigslist.org/sfv/cto/d/2009-honda-civic-sedan-with/6483740558.html,2018-02-13 20:49,3,0.26142595978062155
 (Irvine),2012 HONDA CIVIC EX * Super Low Miles & Low Price *,2012,Civic,9100,7208,https://orangecounty.craigslist.org/cto/d/2012-honda-civic-ex-super-low/6461604801.html,2018-01-18 08:03,30,0.2624861265260821
 (Gg),Honda Civic ex 2007,2007,Civic,6700,5292,https://orangecounty.craigslist.org/cto/d/honda-civic-ex-2007/6477732055.html,2018-01-29 17:26,19,0.2660619803476946
 (Sylmar),Honda Civic LX 2014,2014,Civic,9800,7719,https://losangeles.craigslist.org/sfv/cto/d/honda-civic-lx-2014/6492141583.html,2018-02-10 16:38,7,0.2695945070605001
 (Rosemead),Honda Civic 2013,2013,Civic,10000,7860,https://losangeles.craigslist.org/sgv/cto/d/honda-civic-2013/6478559210.html,2018-01-30 11:46,18,0.272264631043257
 (Rosemead),Honda Civic 2013,2013,Civic,10000,7860,https://losangeles.craigslist.org/sgv/cto/d/honda-civic-2013/6478559210.html,2018-01-30 11:46,18,0.272264631043257
 (Alhambra),2012 Honda Civic Lx- excellent condition.,2012,Civic,9200,7208,https://losangeles.craigslist.org/sgv/cto/d/2012-honda-civic-lx-excellent/6489792300.html,2018-02-13 18:16,4,0.2763596004439512
 (Murrieta),2009 Honda Civic,2009,Civic,7000,5470,https://inlandempire.craigslist.org/cto/d/2009-honda-civic/6498655214.html,2018-02-16 08:22,1,0.2797074954296161
 (Murrieta),2009 Honda Civic,2009,Civic,7000,5470,https://inlandempire.craigslist.org/cto/d/2009-honda-civic/6498655214.html,2018-02-16 08:22,1,0.2797074954296161
 (Alhambra),2011 Honda Civic EX  Clean Title,2011,Civic,8500,6613,https://losangeles.craigslist.org/sgv/cto/d/2011-honda-civic-ex-clean/6483925948.html,2018-02-07 10:16,10,0.2853470437017995
 (Costa mesa),2015 Honda Civic,2015,Civic,11295,8767,https://orangecounty.craigslist.org/cto/d/2015-honda-civic/6498613909.html,2018-02-16 07:55,1,0.28835405497889816
 (Costa mesa),2015 Honda Civic,2015,Civic,11295,8767,https://orangecounty.craigslist.org/cto/d/2015-honda-civic/6498613909.html,2018-02-16 07:55,1,0.28835405497889816
 (Costa mesa),2015 Honda Civic,2015,Civic,11295,8767,https://orangecounty.craigslist.org/cto/d/2015-honda-civic/6498613909.html,2018-02-16 07:55,1,0.28835405497889816
 (Escondido),2014 Honda Civic LX,2014,Civic,10000,7719,https://sandiego.craigslist.org/csd/cto/d/2014-honda-civic-lx/6498750067.html,2018-02-16 09:22,1,0.2955045990413266
 (LA (KOREA TOWN)),2008 HONDA CIVIC LX   !!! NO ACCIDENT GOOD CONDITION,2008,Civic,7000,5400,https://losangeles.craigslist.org/lac/cto/d/2008-honda-civic-lx-no/6488010204.html,2018-02-16 12:57,1,0.2962962962962963
 (Pomona),2008 Honda Civic LX Sedan 4D,2008,Civic,7000,5400,https://inlandempire.craigslist.org/cto/d/2008-honda-civic-lx-sedan-4d/6496595934.html,2018-02-16 14:18,1,0.2962962962962963
" (Glendale, CA)",2008 Honda Civic Si,2008,Civic,7000,5400,https://losangeles.craigslist.org/lac/cto/d/2008-honda-civic-si/6491975776.html,2018-02-10 13:56,7,0.2962962962962963
 (Garden Grove),"2010 Honda Civic, 107k miles, silver",2010,Civic,7200,5526,https://orangecounty.craigslist.org/cto/d/2010-honda-civic-107k-miles/6489699371.html,2018-02-16 15:47,1,0.30293159609120524
 (Norwalk),2010 Honda Civic LA,2010,Civic,7200,5526,https://losangeles.craigslist.org/lgb/cto/d/2010-honda-civic-la/6464637626.html,2018-02-08 10:58,9,0.30293159609120524
 (Norwalk),2010 Honda Civic LA,2010,Civic,7200,5526,https://orangecounty.craigslist.org/cto/d/2010-honda-civic-la/6464637762.html,2018-02-08 10:58,9,0.30293159609120524
 (Norwalk),2010 Honda Civic LA,2010,Civic,7200,5526,https://inlandempire.craigslist.org/cto/d/2010-honda-civic-la/6464637925.html,2018-02-08 10:58,9,0.30293159609120524
 (Norwalk),2010 Honda Civic LA,2010,Civic,7200,5526,https://sandiego.craigslist.org/nsd/cto/d/2010-honda-civic-la/6464638108.html,2018-02-08 10:59,9,0.30293159609120524
 (Norwalk),2010 Honda Civic LA,2010,Civic,7200,5526,https://inlandempire.craigslist.org/cto/d/2010-honda-civic-la/6464637925.html,2018-02-08 10:58,9,0.30293159609120524
 (Norwalk),2010 Honda Civic LA,2010,Civic,7200,5526,https://orangecounty.craigslist.org/cto/d/2010-honda-civic-la/6464637762.html,2018-02-08 10:58,9,0.30293159609120524
 (Norwalk),2010 Honda Civic LA,2010,Civic,7200,5526,https://inlandempire.craigslist.org/cto/d/2010-honda-civic-la/6464637925.html,2018-02-08 10:58,9,0.30293159609120524
 (L.a),**@2008 HONDA CIVIC LX 4D**NO ACCIDENT*Low 87K**XLNT**SMOG DONE,2008,Civic,7050,5400,https://losangeles.craigslist.org/lac/cto/d/2008-honda-civic-lx-4dno/6474960774.html,2018-02-09 13:24,8,0.3055555555555556
 (san bernardino),2015 Honda Civic LX,2015,Civic,11499,8767,https://losangeles.craigslist.org/sgv/cto/d/2015-honda-civic-lx/6494406063.html,2018-02-12 15:45,5,0.3116231322002966
 (san bernardino),2015 Honda Civic LX,2015,Civic,11499,8767,https://sandiego.craigslist.org/nsd/cto/d/2015-honda-civic-lx/6493225133.html,2018-02-11 17:26,6,0.3116231322002966
 (san bernardino),2015 Honda Civic LX,2015,Civic,11499,8767,https://inlandempire.craigslist.org/cto/d/2015-honda-civic-lx/6493166906.html,2018-02-11 16:21,6,0.3116231322002966
 (san bernardino),2015 Honda Civic LX,2015,Civic,11499,8767,https://orangecounty.craigslist.org/cto/d/2015-honda-civic-lx/6493190329.html,2018-02-11 16:46,6,0.3116231322002966
 (L.A),*$@*2008 HONDA CIVIC LX 4D**NO ACCIDENT*(LOW 86K)**XLNT*SMOG DONE,2008,Civic,7100,5400,https://losangeles.craigslist.org/lac/cto/d/2008-honda-civic-lx-4dno/6478333706.html,2018-02-14 10:49,3,0.3148148148148148
 (Saber springs),"2011 Honda Civic LX-S, Single Owner, Clean Title",2011,Civic,8700,6613,https://sandiego.craigslist.org/csd/cto/d/2011-honda-civic-lx-single/6486842766.html,2018-02-06 11:30,11,0.3155905035536065
 (Riverside),Honda Civic 2012 Like New,2012,Civic,9499,7208,https://inlandempire.craigslist.org/cto/d/honda-civic-2012-like-new/6480006820.html,2018-01-31 14:31,17,0.3178412874583796
 (Montclair),Honda Civic LX sedan 2016,2016,Civic,12990,9815,https://inlandempire.craigslist.org/cto/d/honda-civic-lx-sedan-2016/6497763626.html,2018-02-15 12:19,2,0.3234844625573102
 (Montclair),Nice 2016 Honda Civic LX 20k miles,2016,Civic,12990,9815,https://inlandempire.craigslist.org/cto/d/nice-2016-honda-civic-lx-20k/6496494175.html,2018-02-14 11:09,3,0.3234844625573102
 (Los Angels),@@*2008 HONDA CIVIC LX 4D**NO ACCIDENT*86K**XLNT*SMOG DONE,2008,Civic,7150,5400,https://losangeles.craigslist.org/lac/cto/d/2008-honda-civic-lx-4dno/6468694966.html,2018-02-16 09:16,1,0.32407407407407407
 (L.a),*@@*2008 HONDA CIVIC LX 4D**NO ACCIDENT*Low 86K**XLNT*SMOG DONE,2008,Civic,7150,5400,https://losangeles.craigslist.org/lac/cto/d/2008-honda-civic-lx-4dno/6469927170.html,2018-02-12 15:55,5,0.32407407407407407
 (CHINO),2009 Honda Civic EX Fully Loaded Excellent Condition!,2009,Civic,7250,5470,https://losangeles.craigslist.org/sgv/cto/d/2009-honda-civic-ex-fully/6492210886.html,2018-02-10 18:03,7,0.32541133455210236
 (Pico Rivera),Honda Civic 2011,2011,Civic,8800,6613,https://losangeles.craigslist.org/sgv/cto/d/honda-civic-2011/6485668772.html,2018-02-05 12:28,12,0.33071223347951006
 (INLAND EMPIRE),2013 HONDA CIVIC HF WHITE SEDAN,2013,Civic,10499,7860,https://orangecounty.craigslist.org/cto/d/2013-honda-civic-hf-white/6496891555.html,2018-02-14 16:48,3,0.33575063613231554
 (INLAND EMPIRE),2013 HONDA CIVIC HF WHITE SEDAN,2013,Civic,10499,7860,https://orangecounty.craigslist.org/cto/d/2013-honda-civic-hf-white/6496891555.html,2018-02-14 16:48,3,0.33575063613231554
 (East Lake Chula Vista),2013 Honda civic,2013,Civic,10500,7860,https://sandiego.craigslist.org/ssd/cto/d/2013-honda-civic/6464722010.html,2018-01-18 16:26,30,0.33587786259541985
 (Ontario),Nice 2015 Honda Civic LX sedan,2015,Civic,11800,8767,https://inlandempire.craigslist.org/cto/d/nice-2015-honda-civic-lx-sedan/6472701198.html,2018-02-16 11:34,1,0.3459564275122619
 (Buena Park),2013 Honda Civic - Excellent Condition $10600,2013,Civic,10600,7860,https://orangecounty.craigslist.org/cto/d/2013-honda-civic-excellent/6481562221.html,2018-02-01 21:27,15,0.3486005089058524
 (Culver City),Silver Honda Civic 2012 LX,2012,Civic,9800,7208,https://losangeles.craigslist.org/wst/cto/d/silver-honda-civic-2012-lx/6498960272.html,2018-02-16 11:36,1,0.35960044395116536
 (Westwood),2012 Honda Civic LX  Clean Title,2012,Civic,9850,7208,https://losangeles.craigslist.org/wst/cto/d/2012-honda-civic-lx-clean/6478369951.html,2018-01-30 09:37,18,0.3665371809100999
 (Inland Empire),2003 Honda Civic,2003,Civic,3500,2554,https://inlandempire.craigslist.org/cto/d/2003-honda-civic/6489465045.html,2018-02-08 13:15,9,0.370399373531715
 (Inland Empire),2003 Honda Civic,2003,Civic,3500,2554,https://inlandempire.craigslist.org/cto/d/2003-honda-civic/6489465045.html,2018-02-08 13:15,9,0.370399373531715
 (Long beach),2009 Honda Civic lx,2009,Civic,7500,5470,https://losangeles.craigslist.org/lac/cto/d/2009-honda-civic-lx/6478112276.html,2018-02-15 17:41,2,0.3711151736745887
 (Riverside/Moreno Valley),2009 Honda Civic ex,2009,Civic,7500,5470,https://inlandempire.craigslist.org/cto/d/2009-honda-civic-ex/6465397213.html,2018-01-19 09:48,29,0.3711151736745887
 (Carlsbad),2006 Honda Civic Sedan,2006,Civic,6700,4880,https://sandiego.craigslist.org/nsd/cto/d/2006-honda-civic-sedan/6485543658.html,2018-02-05 11:06,12,0.3729508196721312
 (Rancho Cucamonga),"2012 Honda Civic Coupe LX, White, Auto, 54 k mi, One Owner, Exc. Cond.",2012,Civic,9900,7208,https://inlandempire.craigslist.org/cto/d/2012-honda-civic-coupe-lx/6478932370.html,2018-02-16 18:16,1,0.3734739178690344
 (gardena),"2010 HONDA CIVIC COUPE EX, GARDENA",2010,Civic,7600,5526,https://losangeles.craigslist.org/lgb/cto/d/2010-honda-civic-coupe-ex/6494732216.html,2018-02-12 23:41,4,0.37531668476293883
 (Cypress),2012 HONDA CIVIC EX SEDAN LOW MILES!,2012,Civic,9950,7208,https://orangecounty.craigslist.org/cto/d/2012-honda-civic-ex-sedan-low/6498955241.html,2018-02-16 11:33,1,0.38041065482796893
 (Fullerton),2016 HONDA CIVIC LX/CLEAN TITLE/33k Miles,2016,Civic,13590,9815,https://orangecounty.craigslist.org/cto/d/2016-honda-civic-lx-clean/6494634746.html,2018-02-12 20:01,4,0.38461538461538464
 (Fountain Valley),2014 Honda Civic,2014,Civic,10700,7719,https://orangecounty.craigslist.org/cto/d/2014-honda-civic/6465941073.html,2018-02-15 12:44,2,0.38618992097421945
 (Ocean Beach),Honda Civic Hybrid 2012 - 40k Miles - Excellent - Leather,2012,Civic,9995,7208,https://sandiego.craigslist.org/csd/cto/d/honda-civic-hybridk-miles/6494544146.html,2018-02-12 18:03,5,0.38665371809101
 (Wilmington),Dependable 2012 Honda Civic LX 4dr Sedan,2012,Civic,9995,7208,https://losangeles.craigslist.org/lgb/cto/d/dependable-2012-honda-civic/6451676456.html,2018-02-03 13:55,14,0.38665371809101
 (Wilmington),Reliable 2012 Honda Civic LX 4dr Sedan,2012,Civic,9995,7208,https://losangeles.craigslist.org/lac/cto/d/reliable-2012-honda-civic-lx/6451689445.html,2018-02-03 13:57,14,0.38665371809101
 (Bloomington ca),2013 Hoda civic EX-L  like New,2013,Civic,10900,7860,https://losangeles.craigslist.org/lac/cto/d/2013-hoda-civic-ex-like-new/6497415421.html,2018-02-15 08:25,2,0.38676844783715014
 (Bloomington ca),2013 Hoda civic EX-L  like New,2013,Civic,10900,7860,https://losangeles.craigslist.org/lac/cto/d/2013-hoda-civic-ex-like-new/6497415421.html,2018-02-15 08:25,2,0.38676844783715014
 (Bloomington ca),2013 Hoda civic EX-L  immaculate,2013,Civic,10900,7860,https://inlandempire.craigslist.org/cto/d/2013-hoda-civic-ex-immaculate/6488455571.html,2018-02-14 17:37,3,0.38676844783715014
 (San Clemente),2012 Civic LX (63k miles),2012,Civic,9999,7208,https://orangecounty.craigslist.org/cto/d/2012-civic-lx-63k-miles/6483741471.html,2018-02-03 15:56,14,0.3872086570477247
" (Torrance, CA)",2012 Honda Civic LE Sedan 74k mileage,2012,Civic,10000,7208,https://losangeles.craigslist.org/wst/cto/d/2012-honda-civic-le-sedan-74k/6493518818.html,2018-02-12 04:54,5,0.3873473917869034
 (Pacific Beach),*LOW MILES*2008 Honda Civic 4Dr Ex-L Navi,2008,Civic,7500,5400,https://sandiego.craigslist.org/csd/cto/d/low-miles2008-honda-civic-4dr/6456674770.html,2018-01-29 16:56,19,0.3888888888888889
 (Riverside),2001 Honda Civic clean title Low miles,2001,Civic,2900,2084,https://inlandempire.craigslist.org/cto/d/2001-honda-civic-clean-title/6494318085.html,2018-02-12 14:33,5,0.3915547024952015
 (Norwalk),2016 HONDA CIVIC LX/CLEAN TITLE/33k Miles,2016,Civic,13690,9815,https://losangeles.craigslist.org/lgb/cto/d/2016-honda-civic-lx-clean/6498308149.html,2018-02-15 22:13,1,0.3948038716250637
 (Norwalk),2016 HONDA CIVIC LX/CLEAN TITLE/33k Miles,2016,Civic,13690,9815,https://losangeles.craigslist.org/lgb/cto/d/2016-honda-civic-lx-clean/6498308149.html,2018-02-15 22:13,1,0.3948038716250637
 (INLAND EMPIRE),2013 HONDA CIVIC HF WHITE SEDAN,2013,Civic,10994,7860,https://inlandempire.craigslist.org/cto/d/2013-honda-civic-hf-white/6479472470.html,2018-02-16 09:25,1,0.3987277353689567
 (La Palma),2013 Honda Civic 4D Sedan,2013,Civic,11000,7860,https://orangecounty.craigslist.org/cto/d/2013-honda-civic-4d-sedan/6486153314.html,2018-02-05 19:52,11,0.3994910941475827
 (Oceanside),2010 HONDA CIVIC CLEAN TITLE!!!!,2010,Civic,7750,5526,https://sandiego.craigslist.org/nsd/cto/d/2010-honda-civic-clean-title/6478576227.html,2018-01-30 11:55,18,0.40246109301483896
 (Mar Vista/Culver City),2004 Honda Civic Sedan 98k Miles - $4500 (Culver City),2004,Civic,4500,3206,https://losangeles.craigslist.org/wst/cto/d/2004-honda-civic-sedan-98k/6489161684.html,2018-02-08 09:44,9,0.40361821584529006
 (West Covina),2014 Honda Civic LX,2014,Civic,10850,7719,https://losangeles.craigslist.org/sgv/cto/d/2014-honda-civic-lx/6475244563.html,2018-02-13 16:51,4,0.40562248995983935
 (Brea),"2016 Honda Civic LX, 34k Miles, Clean Title",2016,Civic,13800,9815,https://orangecounty.craigslist.org/cto/d/2016-honda-civic-lx-34k-miles/6458706583.html,2018-02-11 15:20,6,0.40601120733571067
 (Irvine),2011 Honda Civic EX-L Clean title Low mileage,2011,Civic,9300,6613,https://losangeles.craigslist.org/wst/cto/d/2011-honda-civic-ex-clean/6497787871.html,2018-02-15 12:37,2,0.4063208831090277
 (irvine),2011 Honda Civic EX-L Clean title Low mileage,2011,Civic,9300,6613,https://orangecounty.craigslist.org/cto/d/2011-honda-civic-ex-clean/6497787532.html,2018-02-15 12:37,2,0.4063208831090277
 (Irvine),2011 Honda Civic EX-L Clean title Low mileage,2011,Civic,9300,6613,https://losangeles.craigslist.org/wst/cto/d/2011-honda-civic-ex-clean/6497787871.html,2018-02-15 12:37,2,0.4063208831090277
 (venice),"2010 Honda Civic EX , 68 kmiles",2010,Civic,7800,5526,https://losangeles.craigslist.org/wst/cto/d/2010-honda-civic-ex-68-kmiles/6495615145.html,2018-02-16 13:01,1,0.41150922909880566
 (Irvine),Honda Civic 2010,2010,Civic,7800,5526,https://orangecounty.craigslist.org/cto/d/honda-civic-2010/6491218447.html,2018-02-13 10:38,4,0.41150922909880566
 (CHULA VISTA),2014 HONDA CIVIC,2014,Civic,10900,7719,https://sandiego.craigslist.org/csd/cto/d/2014-honda-civic/6496861395.html,2018-02-14 16:16,3,0.412100012955046
 (CHULA VISTA),2014 HONDA CIVIC,2014,Civic,10900,7719,https://sandiego.craigslist.org/csd/cto/d/2014-honda-civic/6496861395.html,2018-02-14 16:16,3,0.412100012955046
 (Montclair),"2016 Honda Civic LX, Clean Title 34k Miles",2016,Civic,13900,9815,https://inlandempire.craigslist.org/cto/d/2016-honda-civic-lx-clean/6461220759.html,2018-02-13 10:20,4,0.4161996943453897
 (Montclair),"2016 Honda Civic LX, Clean Title 34k Miles",2016,Civic,13900,9815,https://inlandempire.craigslist.org/cto/d/2016-honda-civic-lx-clean/6461220759.html,2018-02-13 10:20,4,0.4161996943453897
 (SAN GABRIEL),2016 Honda Civic LX,2016,Civic,13900,9815,https://losangeles.craigslist.org/sgv/cto/d/2016-honda-civic-lx/6459705320.html,2018-02-12 03:22,5,0.4161996943453897
 (Covina),"2016 Honda Civic LX, 4 Door, Black, 34k Miles",2016,Civic,13900,9815,https://losangeles.craigslist.org/sgv/cto/d/2016-honda-civic-lx-4-door/6461060204.html,2018-02-11 11:39,6,0.4161996943453897
 (Covina),"2016 Honda Civic LX, 4 Door, Black, 34k Miles",2016,Civic,13900,9815,https://losangeles.craigslist.org/sgv/cto/d/2016-honda-civic-lx-4-door/6461060204.html,2018-02-11 11:39,6,0.4161996943453897
 (riverside),2007 Honda Civic,2007,Civic,7500,5292,https://inlandempire.craigslist.org/cto/d/2007-honda-civic/6478979788.html,2018-02-15 07:00,2,0.41723356009070295
 (Santa Ana),"2014 Honda Civic EX 4D Sedan (Fully loaded, Clean Title)",2014,Civic,10995,7719,https://orangecounty.craigslist.org/cto/d/2014-honda-civic-ex-4d-sedan/6478804787.html,2018-02-16 11:55,1,0.4244073066459386
 (Los Angeles),2014 Honda Civic LX,2014,Civic,11000,7719,https://losangeles.craigslist.org/lac/cto/d/2014-honda-civic-lx/6492129896.html,2018-02-10 16:25,7,0.42505505894545925
 (Hesperia),2014 Honda Civic 4D Sedan Lx,2014,Civic,11000,7719,https://inlandempire.craigslist.org/cto/d/2014-honda-civic-4d-sedan-lx/6485776446.html,2018-02-05 13:43,12,0.42505505894545925
 (Glendale),2012 Honda Civic LX One Owner very low miles like new well maintained,2012,Civic,10299,7208,https://losangeles.craigslist.org/lac/cto/d/2012-honda-civic-lx-one-owner/6499437280.html,2018-02-16 18:08,1,0.42882907880133186
 (Sherman Oaks),"2012 Honda Civic EX  60,200 miles",2012,Civic,10300,7208,https://losangeles.craigslist.org/sfv/cto/d/2012-honda-civic-exmiles/6491778942.html,2018-02-16 06:49,1,0.42896781354051056
 (Carlsbad),"2-owner, clean title, 71k miles 2008 Honda Civic",2008,Civic,7750,5400,https://sandiego.craigslist.org/nsd/cto/d/2-owner-clean-title-71k-miles/6448483205.html,2018-01-26 13:49,22,0.4351851851851852
 (IRVINE),2011 Honda Civic LX Coupe 2D. Low mileage. Clean title $9500,2011,Civic,9500,6613,https://orangecounty.craigslist.org/cto/d/2011-honda-civic-lx-coupe-2d/6490985517.html,2018-02-09 17:11,8,0.43656434296083474
 (Del Cerro),2011 Honda Civic Very Good Condition,2011,Civic,9500,6613,https://sandiego.craigslist.org/csd/cto/d/2011-honda-civic-very-good/6481479784.html,2018-02-08 18:00,9,0.43656434296083474
 (Oceanside),2008 SI CIVIC LOW MILES ! CUSTOM PAINT CLEAN TITLE 6 SPEED!!,2008,Civic,7777,5400,https://sandiego.craigslist.org/csd/cto/d/2008-si-civic-low-miles/6465927570.html,2018-02-12 12:34,5,0.4401851851851852
 (Lancaster),2010 Honda Civic LX (OBO),2010,Civic,8000,5526,https://losangeles.craigslist.org/ant/cto/d/2010-honda-civic-lx-obo/6489382468.html,2018-02-08 12:14,9,0.44770177343467243
 (Pomona),2010 Honda Civic EX Coupe 2 Door Automatic Clean Title O.B.O.,2010,Civic,8000,5526,https://losangeles.craigslist.org/sgv/cto/d/2010-honda-civic-ex-coupe-2/6487120962.html,2018-02-06 14:51,11,0.44770177343467243
 (Pomona),2010 Honda Civic EX Coupe 2 Door Automatic Clean Title O.B.O.,2010,Civic,8000,5526,https://losangeles.craigslist.org/sgv/cto/d/2010-honda-civic-ex-coupe-2/6487120962.html,2018-02-06 14:51,11,0.44770177343467243
 (Pomona),2010 Honda Civic EX Coupe 2 Door Automatic Clean Title O.B.O.,2010,Civic,8000,5526,https://inlandempire.craigslist.org/cto/d/2010-honda-civic-ex-coupe-2/6486077281.html,2018-02-05 18:14,12,0.44770177343467243
 (Irvine),2010 Honda Civic 4dr lx 73k miles,2010,Civic,8000,5526,https://orangecounty.craigslist.org/cto/d/2010-honda-civic-4dr-lx-73k/6451389925.html,2018-02-05 13:58,12,0.44770177343467243
 (Carlsbad),GREAT DEAL!!! 2009 Honda Civic Coupe,2009,Civic,7950,5470,https://sandiego.craigslist.org/nsd/cto/d/great-deal-2009-honda-civic/6492826255.html,2018-02-11 11:18,6,0.453382084095064
 (Torrance),Honda Civic 2015 LX 18k miles Clean Title,2015,Civic,12750,8767,https://losangeles.craigslist.org/wst/cto/d/honda-civic-2015-lx-18k-miles/6481034191.html,2018-02-01 12:15,16,0.45431732633740163
 (EASTVALE),"2007 HONDA CIVIC EX WITH ONLY 72,500 MILES",2007,Civic,7700,5292,https://inlandempire.craigslist.org/cto/d/2007-honda-civic-ex-with/6498230905.html,2018-02-15 19:44,1,0.455026455026455
 (EASTVALE),"2007 HONDA CIVIC EX - WITH ONLY 72,500 MILES",2007,Civic,7700,5292,https://orangecounty.craigslist.org/cto/d/2007-honda-civic-ex-with/6498231399.html,2018-02-15 19:45,1,0.455026455026455
 (EASTVALE),"2007 HONDA CIVIC EX - WITH ONLY 72,500 MILES",2007,Civic,7700,5292,https://orangecounty.craigslist.org/cto/d/2007-honda-civic-ex-with/6498231399.html,2018-02-15 19:45,1,0.455026455026455
" (Vista, CA)",2007 Honda Civic Si Coupe,2007,Civic,7700,5292,https://sandiego.craigslist.org/nsd/cto/d/2007-honda-civic-si-coupe/6468272658.html,2018-02-02 10:58,15,0.455026455026455
 (Long Beach),2012 Honda Civic EX Coupe,2012,Civic,10500,7208,https://losangeles.craigslist.org/lgb/cto/d/2012-honda-civic-ex-coupe/6481477186.html,2018-02-01 19:04,15,0.4567147613762486
 (West Covina),2012 Honda Civic EX Coupe,2012,Civic,10500,7208,https://losangeles.craigslist.org/sgv/cto/d/2012-honda-civic-ex-coupe/6478837750.html,2018-01-30 15:13,18,0.4567147613762486
 (Baldwin Park),2009 Honda Civic Si Coupe,2009,Civic,7999,5470,https://losangeles.craigslist.org/lac/cto/d/2009-honda-civic-si-coupe/6471627951.html,2018-02-02 22:18,14,0.4623400365630713
 (Encinitas),2013 Honda Civic Ex,2013,Civic,11500,7860,https://sandiego.craigslist.org/nsd/cto/d/2013-honda-civic-ex/6469104292.html,2018-02-12 12:55,5,0.4631043256997455
 (Hesperia),2011 Honda Civic Si Sedan,2011,Civic,9700,6613,https://inlandempire.craigslist.org/cto/d/2011-honda-civic-si-sedan/6477636993.html,2018-01-29 15:53,19,0.4668078028126418
 (Los Angeles),2015 Honda Civic LX,2015,Civic,12900,8767,https://losangeles.craigslist.org/lac/cto/d/2015-honda-civic-lx/6497885418.html,2018-02-15 13:49,2,0.471426941941371
 (Santa Clarita),"2015 Honda Civic LX with 34k miles, 1-Owner Clean Carfax, Well Kept",2015,Civic,12900,8767,https://losangeles.craigslist.org/sfv/cto/d/2015-honda-civic-lx-with-34k/6496593344.html,2018-02-14 12:21,3,0.471426941941371
 (Mentone),2015 Honda Civic LX,2015,Civic,12900,8767,https://inlandempire.craigslist.org/cto/d/2015-honda-civic-lx/6491998162.html,2018-02-10 14:15,7,0.471426941941371
 (huntington beach),2015 Honda Civic SE black 4dr low miles original owner,2015,Civic,12900,8767,https://orangecounty.craigslist.org/cto/d/2015-honda-civic-se-black-4dr/6454128394.html,2018-02-08 14:43,9,0.471426941941371
 (huntington beach),2015 Honda Civic SE black 4dr low miles original owner,2015,Civic,12900,8767,https://inlandempire.craigslist.org/cto/d/2015-honda-civic-se-black-4dr/6469466371.html,2018-02-08 14:43,9,0.471426941941371
 (huntington beach),2015 Honda Civic SE black 4dr low miles original owner,2015,Civic,12900,8767,https://orangecounty.craigslist.org/cto/d/2015-honda-civic-se-black-4dr/6469466571.html,2018-02-08 14:43,9,0.471426941941371
 (huntington beach),2015 Honda Civic SE black 4dr low miles original owner,2015,Civic,12900,8767,https://orangecounty.craigslist.org/cto/d/2015-honda-civic-se-black-4dr/6454128394.html,2018-02-08 14:43,9,0.471426941941371
 (huntington beach),2015 Honda Civic SE black 4dr low miles original owner,2015,Civic,12900,8767,https://inlandempire.craigslist.org/cto/d/2015-honda-civic-se-black-4dr/6469466371.html,2018-02-08 14:43,9,0.471426941941371
 (huntington beach),2015 Honda Civic SE black 4dr low miles original owner,2015,Civic,12900,8767,https://orangecounty.craigslist.org/cto/d/2015-honda-civic-se-black-4dr/6469466571.html,2018-02-08 14:43,9,0.471426941941371
 (huntington beach),2015 Honda Civic SE black 4dr low miles original owner,2015,Civic,12900,8767,https://inlandempire.craigslist.org/cto/d/2015-honda-civic-se-black-4dr/6454127964.html,2018-02-02 12:25,15,0.471426941941371
 (san bernardino),2014 Honda Civic LX,2014,Civic,11399,7719,https://orangecounty.craigslist.org/cto/d/2014-honda-civic-lx/6496991231.html,2018-02-14 19:01,2,0.4767456924472082
 (san bernardino),2014 Honda Civic LX,2014,Civic,11399,7719,https://losangeles.craigslist.org/sgv/cto/d/2014-honda-civic-lx/6497029605.html,2018-02-14 20:06,2,0.4767456924472082
 (san bernardino),2014 Honda Civic LX,2014,Civic,11399,7719,https://sandiego.craigslist.org/nsd/cto/d/2014-honda-civic-lx/6497004683.html,2018-02-14 19:23,2,0.4767456924472082
 (san bernardino),2014 Honda Civic LX,2014,Civic,11399,7719,https://orangecounty.craigslist.org/cto/d/2014-honda-civic-lx/6496991231.html,2018-02-14 19:01,2,0.4767456924472082
 (san bernardino),2014 Honda Civic LX,2014,Civic,11399,7719,https://losangeles.craigslist.org/sgv/cto/d/2014-honda-civic-lx/6497029605.html,2018-02-14 20:06,2,0.4767456924472082
 (san bernardino),2014 Honda Civic LX,2014,Civic,11399,7719,https://orangecounty.craigslist.org/cto/d/2014-honda-civic-lx/6496991231.html,2018-02-14 19:01,2,0.4767456924472082
 (san bernardino),2014 Honda Civic LX,2014,Civic,11399,7719,https://inlandempire.craigslist.org/cto/d/2014-honda-civic-lx/6496977745.html,2018-02-14 18:41,3,0.4767456924472082
 (san bernardino),2014 Honda Civic LX,2014,Civic,11399,7719,https://inlandempire.craigslist.org/cto/d/2014-honda-civic-lx/6496977745.html,2018-02-14 18:41,3,0.4767456924472082
 (san bernardino),2014 Honda Civic LX,2014,Civic,11399,7719,https://inlandempire.craigslist.org/cto/d/2014-honda-civic-lx/6495767784.html,2018-02-13 17:39,4,0.4767456924472082
 (san bernardino),2014 Honda Civic LX,2014,Civic,11399,7719,https://inlandempire.craigslist.org/cto/d/2014-honda-civic-lx/6495767784.html,2018-02-13 17:39,4,0.4767456924472082
 (Santa Clarita),"2015 Honda Civic Sedan with 29k miles, White, 1-Owner Clean Carfax",2015,Civic,12950,8767,https://losangeles.craigslist.org/sfv/cto/d/2015-honda-civic-sedan-with/6499280826.html,2018-02-16 15:29,1,0.4771301471426942
 (Ontario),2000 Honda Civic LX 91K Miles,2000,Civic,2800,1892,https://orangecounty.craigslist.org/cto/d/2000-honda-civic-lx-91k-miles/6464821877.html,2018-02-14 17:27,3,0.4799154334038055
 (Ontario),2000 Honda Civic LX,2000,Civic,2800,1892,https://palmsprings.craigslist.org/cto/d/2000-honda-civic-lx/6464831770.html,2018-02-14 17:28,3,0.4799154334038055
 (Ontario),2000 Honda Civic LX,2000,Civic,2800,1892,https://palmsprings.craigslist.org/cto/d/2000-honda-civic-lx/6464831770.html,2018-02-14 17:28,3,0.4799154334038055
 (LA PALMA),2015 HONDA CIVIC LX,2015,Civic,12991,8767,https://orangecounty.craigslist.org/cto/d/2015-honda-civic-lx/6474988181.html,2018-02-10 18:23,7,0.48180677540777916
 (San diego),2015 Honda Civic with low 22k miles - great condition,2015,Civic,12995,8767,https://sandiego.craigslist.org/csd/cto/d/2015-honda-civic-with-low-22k/6493675343.html,2018-02-12 07:31,5,0.482263031823885
 (los angeles),HONDA CIVIC 2015 Si blanco navigation manual sedan,2015,Civic,12996,8767,https://orangecounty.craigslist.org/cto/d/honda-civic-2015-si-blanco/6463755560.html,2018-01-17 22:18,30,0.4823770959279115
 (palmdale),"***2015 HONDA CIVIC COUPE EX BLACK W/GRAY INT 43,650 MILES***",2015,Civic,13000,8767,https://losangeles.craigslist.org/ant/cto/d/2015-honda-civic-coupe-ex/6492798026.html,2018-02-13 16:14,4,0.48283335234401736
 (Torrance),2015 Toyota Corolla Eco LE Honda Camry accord civic Nissan Sentra Kia,2015,Civic,13000,8767,https://losangeles.craigslist.org/wst/cto/d/2015-toyota-corolla-eco-le/6460728591.html,2018-02-09 13:43,8,0.48283335234401736
 (Riverside),Honda Civic Coupe 2010,2010,Civic,8200,5526,https://inlandempire.craigslist.org/cto/d/honda-civic-coupe-2010/6466979749.html,2018-01-20 14:54,28,0.48389431777053926
 (Long Beach),2014 Honda Civic,2014,Civic,11500,7719,https://losangeles.craigslist.org/lgb/cto/d/2014-honda-civic/6494707743.html,2018-02-12 22:23,4,0.4898302888975256
 (Long Beach),2014 Honda Civic,2014,Civic,11500,7719,https://losangeles.craigslist.org/lgb/cto/d/2014-honda-civic/6494707743.html,2018-02-12 22:23,4,0.4898302888975256
" (Glendale, CA)",2014 Honda Civic Lx,2014,Civic,11500,7719,https://losangeles.craigslist.org/lac/cto/d/2014-honda-civic-lx/6493159340.html,2018-02-11 16:12,6,0.4898302888975256
 (Alhambra),"2014 Honda Civic EX, Sedan,Silver",2014,Civic,11500,7719,https://losangeles.craigslist.org/sgv/cto/d/2014-honda-civic-ex/6437228626.html,2018-01-22 19:45,25,0.4898302888975256
 (Thousand Oaks),2010 HONDA CIVIC LX COUPE 2D,2010,Civic,8250,5526,https://losangeles.craigslist.org/sfv/cto/d/2010-honda-civic-lx-coupe-2d/6486155717.html,2018-02-05 19:56,11,0.49294245385450597
 (Thousand Oaks),2010 HONDA CIVIC LX COUPE 2D,2010,Civic,8250,5526,https://losangeles.craigslist.org/sfv/cto/d/2010-honda-civic-lx-coupe-2d/6476136126.html,2018-01-28 12:06,20,0.49294245385450597
 (Tustin),Honda Civic 2004 low mileage,2004,Civic,4800,3206,https://orangecounty.craigslist.org/cto/d/honda-civic-2004-low-mileage/6478816764.html,2018-02-16 10:45,1,0.49719276356830944
 (Murrieta CA),"2004 Honda Civic LX - Excellent Condition, Low Mileage",2004,Civic,4800,3206,https://inlandempire.craigslist.org/cto/d/2004-honda-civic-lx-excellent/6469382565.html,2018-01-22 17:31,26,0.49719276356830944
 (Buena Park),"2016 Honda Civic LX ""Clean Title""",2016,Civic,14750,9815,https://orangecounty.craigslist.org/cto/d/2016-honda-civic-lx-clean/6455579050.html,2018-02-09 02:10,8,0.5028018339276618
 (Reseda),"2015 Honda Civic, 1 owner low miles, Clean Title in great condition",2015,Civic,13200,8767,https://losangeles.craigslist.org/sfv/cto/d/2015-honda-civic-1-owner-low/6490583310.html,2018-02-09 11:49,8,0.5056461731493099
 (CHINO HILLS),2016 HONDA CIVIC LX - Silver - CLEAN TITLE,2016,Civic,14800,9815,https://losangeles.craigslist.org/lac/cto/d/2016-honda-civic-lx-silver/6463696784.html,2018-01-17 20:04,30,0.5078960774325013
 (CHINO HILLS),2016 HONDA CIVIC LX - Silver - CLEAN TITLE,2016,Civic,14800,9815,https://losangeles.craigslist.org/sgv/cto/d/2016-honda-civic-lx-silver/6463698238.html,2018-01-17 20:07,30,0.5078960774325013
 (CHINO HILLS),2016 HONDA CIVIC LX - Silver - CLEAN TITLE,2016,Civic,14800,9815,https://inlandempire.craigslist.org/cto/d/2016-honda-civic-lx-silver/6463695160.html,2018-01-17 20:21,30,0.5078960774325013
 (CHINO HILLS),2016 HONDA CIVIC LX - Silver - CLEAN TITLE,2016,Civic,14800,9815,https://orangecounty.craigslist.org/cto/d/2016-honda-civic-lx-silver/6463692786.html,2018-01-17 19:57,30,0.5078960774325013
 (CHINO HILLS),2016 HONDA CIVIC LX - Silver - CLEAN TITLE,2016,Civic,14800,9815,https://inlandempire.craigslist.org/cto/d/2016-honda-civic-lx-silver/6463695160.html,2018-01-17 20:21,30,0.5078960774325013
 (CHINO HILLS),2016 HONDA CIVIC LX - Silver - CLEAN TITLE,2016,Civic,14800,9815,https://losangeles.craigslist.org/lac/cto/d/2016-honda-civic-lx-silver/6463696784.html,2018-01-17 20:04,30,0.5078960774325013
 (CHINO HILLS),2016 HONDA CIVIC LX - Silver - CLEAN TITLE,2016,Civic,14800,9815,https://losangeles.craigslist.org/sgv/cto/d/2016-honda-civic-lx-silver/6463698238.html,2018-01-17 20:07,30,0.5078960774325013
 (San Diego),2011 Honda Civic Sedan,2011,Civic,9995,6613,https://sandiego.craigslist.org/csd/cto/d/2011-honda-civic-sedan/6465358674.html,2018-02-16 11:41,1,0.5114169060940572
 (CYPRESS),2013 HONDA CIVIC EX 1-OWNER EXTENDED WARRANTY,2013,Civic,11950,7860,https://orangecounty.craigslist.org/cto/d/2013-honda-civic-ex-1-owner/6498952804.html,2018-02-16 11:31,1,0.5203562340966921
" (Riverside, CA (Lake Hills Area))",2002 Honda Civic GX - NEW ENGINE & TRANSMISSION! (CNG/NGV/Natural Gas),2002,Civic,3500,2297,https://inlandempire.craigslist.org/cto/d/2002-honda-civic-gx-new/6494284821.html,2018-02-12 14:09,5,0.5237265999129299
 (Corona),Civic Honda 2012,2012,Civic,10990,7208,https://inlandempire.craigslist.org/cto/d/civic-honda-2012/6431467111.html,2018-01-17 13:17,31,0.5246947835738068
 (Corona),Civic Honda 2012,2012,Civic,10990,7208,https://inlandempire.craigslist.org/cto/d/civic-honda-2012/6431859838.html,2018-01-17 15:34,31,0.5246947835738068
 (Corona),Honda Civic 2012,2012,Civic,10990,7208,https://inlandempire.craigslist.org/cto/d/honda-civic-2012/6431860533.html,2018-01-17 13:17,31,0.5246947835738068
 (Corona),Civic Honda 2012,2012,Civic,10990,7208,https://inlandempire.craigslist.org/cto/d/civic-honda-2012/6434174233.html,2018-01-17 15:36,31,0.5246947835738068
 (Corona),Honda Civic 2012,2012,Civic,10990,7208,https://inlandempire.craigslist.org/cto/d/honda-civic-2012/6434174724.html,2018-01-17 13:19,31,0.5246947835738068
 (Torrance),2013 Honda Civic LX Great Condition,2013,Civic,12000,7860,https://losangeles.craigslist.org/wst/cto/d/2013-honda-civic-lx-great/6487409283.html,2018-02-14 11:44,3,0.5267175572519084
 (Torrance CA),2013 Honda Civic Low Mileage,2013,Civic,12000,7860,https://losangeles.craigslist.org/wst/cto/d/2013-honda-civic-low-mileage/6482549360.html,2018-02-12 13:30,5,0.5267175572519084
" (Corona, CA.)",2013 HONDA CIVIC CNG - STILL UNDER DEALER WARRANTY. ORIGINAL OWNER,2013,Civic,12000,7860,https://inlandempire.craigslist.org/cto/d/2013-honda-civic-cng-still/6452761036.html,2018-02-07 14:05,10,0.5267175572519084
" (Corona, CA.)",2013 HONDA CIVIC CNG - STILL UNDER DEALER WARRANTY. ORIGINAL OWNER,2013,Civic,12000,7860,https://inlandempire.craigslist.org/cto/d/2013-honda-civic-cng-still/6452764102.html,2018-02-07 14:05,10,0.5267175572519084
" (Corona, CA.)",2013 HONDA CIVIC CNG - STILL UNDER DEALER WARRANTY. ORIGINAL OWNER,2013,Civic,12000,7860,https://inlandempire.craigslist.org/cto/d/2013-honda-civic-cng-still/6452766087.html,2018-02-07 14:05,10,0.5267175572519084
 (Huntington Beach),2013 Civic - Black - near-perfect condition - fair price,2013,Civic,12000,7860,https://orangecounty.craigslist.org/cto/d/2013-civic-black-near-perfect/6463230496.html,2018-01-17 12:22,31,0.5267175572519084
 (West Covina),2015 Honda Civic SE,2015,Civic,13500,8767,https://losangeles.craigslist.org/sgv/cto/d/2015-honda-civic-se/6494713093.html,2018-02-12 22:38,4,0.5398654043572487
 (LONG BEACH / SIGNAL HILL),2015 HONDA CIVIC,2015,Civic,13500,8767,https://losangeles.craigslist.org/lgb/cto/d/2015-honda-civic/6459069008.html,2018-02-12 11:49,5,0.5398654043572487
 (Venice),2014 Honda Civic,2014,Civic,11900,7719,https://losangeles.craigslist.org/wst/cto/d/2014-honda-civic/6494627618.html,2018-02-12 19:50,4,0.5416504728591787
 (Venice),2014 Honda Civic,2014,Civic,11900,7719,https://losangeles.craigslist.org/wst/cto/d/2014-honda-civic/6494627618.html,2018-02-12 19:50,4,0.5416504728591787
 (Los Angeles),2011 Honda Civic Si Coupe LOW MILES,2011,Civic,10200,6613,https://losangeles.craigslist.org/sgv/cto/d/2011-honda-civic-si-coupe-low/6497634823.html,2018-02-15 10:53,2,0.5424164524421594
 (INLAND EMPIRE),2014 HONDA CIVIC EX GRAY SEDAN,2014,Civic,11999,7719,https://losangeles.craigslist.org/lac/cto/d/2014-honda-civic-ex-gray-sedan/6471618485.html,2018-02-15 16:25,2,0.5544759683896878
 (INLAND EMPIRE),2014 HONDA CIVIC EX GRAY SEDAN,2014,Civic,11999,7719,https://losangeles.craigslist.org/lac/cto/d/2014-honda-civic-ex-gray-sedan/6471618485.html,2018-02-15 16:25,2,0.5544759683896878
 (Irvine),2013 Honda Civic Hybrid,2013,Civic,12250,7860,https://orangecounty.craigslist.org/cto/d/2013-honda-civic-hybrid/6477259292.html,2018-01-29 11:01,19,0.5585241730279898
 (El Cajon),2008 civic Si,2008,Civic,8500,5400,https://sandiego.craigslist.org/csd/cto/d/2008-civic-si/6466292935.html,2018-02-09 07:36,8,0.5740740740740741
 (Glendale),*@@*2008 HONDA CIVIC LX 4D**NO ACCIDENT*Low 81K**XLNT*SMOG DONE -,2008,Civic,8500,5400,https://losangeles.craigslist.org/lac/cto/d/2008-honda-civic-lx-4dno/6483757217.html,2018-02-03 16:07,14,0.5740740740740741
 (Santee),2008 Honda Civic SI VTEC,2008,Civic,8500,5400,https://sandiego.craigslist.org/esd/cto/d/2008-honda-civic-si-vtec/6473156670.html,2018-01-25 19:42,22,0.5740740740740741
 (NO HO),2015 Honda civic ex,2015,Civic,13850,8767,https://losangeles.craigslist.org/sfv/cto/d/2015-honda-civic-ex/6498272878.html,2018-02-15 20:56,1,0.5797878407665108
 (NO HO),2015 Honda civic ex,2015,Civic,13850,8767,https://losangeles.craigslist.org/sfv/cto/d/2015-honda-civic-ex/6498272878.html,2018-02-15 20:56,1,0.5797878407665108
 (Lancaster),2013 CIVIC SI,2013,Civic,12500,7860,https://losangeles.craigslist.org/ant/cto/d/2013-civic-si/6488388170.html,2018-02-07 15:08,10,0.5903307888040712
 (Orange),2013 Honda Civic Coupe $12500,2013,Civic,12500,7860,https://orangecounty.craigslist.org/cto/d/2013-honda-civic-coupe-12500/6479929248.html,2018-01-31 13:29,17,0.5903307888040712
 (Irvine),2013 Honda Civic Hybrid,2013,Civic,12500,7860,https://orangecounty.craigslist.org/cto/d/2013-honda-civic-hybrid/6475475141.html,2018-01-27 18:29,21,0.5903307888040712
 (Downey),2005 honda civic lx,2005,Civic,5600,3517,https://losangeles.craigslist.org/lgb/cto/d/2005-honda-civic-lx/6469240701.html,2018-01-31 19:18,16,0.5922661359112881
 (Santa Ana),2012 Honda Civic EX-L 2dr Coupe,2012,Civic,11495,7208,https://orangecounty.craigslist.org/cto/d/2012-honda-civic-ex-2dr-coupe/6464370043.html,2018-02-15 13:24,2,0.5947558268590455
 (Costa Mesa),2015 Honda Civic LX - Clean Title / No Accidents,2015,Civic,13997,8767,https://orangecounty.craigslist.org/cto/d/2015-honda-civic-lx-clean/6491492312.html,2018-02-16 17:41,1,0.5965552640584009
 (INLAND EMPIRE),2015 HONDA CIVIC EX GRAY SEDAN,2015,Civic,13999,8767,https://inlandempire.craigslist.org/cto/d/2015-honda-civic-ex-gray-sedan/6484699932.html,2018-02-16 08:04,1,0.5967833922664537
 (INLAND EMPIRE),2015 HONDA CIVIC EX GRAY SEDAN,2015,Civic,13999,8767,https://orangecounty.craigslist.org/cto/d/2015-honda-civic-ex-gray-sedan/6478321447.html,2018-02-16 13:57,1,0.5967833922664537
 (INLAND EMPIRE),2015 HONDA CIVIC EX GRAY SEDAN,2015,Civic,13999,8767,https://inlandempire.craigslist.org/cto/d/2015-honda-civic-ex-gray-sedan/6484699932.html,2018-02-16 08:04,1,0.5967833922664537
 (Buena Park),2015 HONDA CIVIC COUPE EX CVT,2015,Civic,14000,8767,https://orangecounty.craigslist.org/cto/d/2015-honda-civic-coupe-ex-cvt/6469067303.html,2018-01-22 13:05,26,0.5968974563704802
 (IRVINE),2007 honda civic NATURAL GAS ! 50K!!,2007,Civic,8500,5292,https://losangeles.craigslist.org/lgb/cto/d/2007-honda-civic-natural-gas/6466150583.html,2018-02-10 15:48,7,0.6061980347694633
 (Miramar),2014 white Honda Civic coup,2014,Civic,12500,7719,https://sandiego.craigslist.org/csd/cto/d/2014-white-honda-civic-coup/6479697538.html,2018-01-31 10:42,17,0.6193807488016583
 (Santa Ana),Honda Civic 2012,2012,Civic,11700,7208,https://orangecounty.craigslist.org/cto/d/honda-civic-2012/6476544567.html,2018-01-28 18:43,20,0.623196448390677
 (Santa Ana),Honda Civic 2012,2012,Civic,11700,7208,https://orangecounty.craigslist.org/cto/d/honda-civic-2012/6476544567.html,2018-01-28 18:43,20,0.623196448390677
 (LA PALMA),2010 HONDA CIVIC COUPE 2D,2010,Civic,8991,5526,https://orangecounty.craigslist.org/cto/d/2010-honda-civic-coupe-2d/6461868710.html,2018-02-10 18:24,7,0.6270358306188925
 (san bernardino),2015 Honda Civic Ex,2015,Civic,14349,8767,https://losangeles.craigslist.org/sgv/cto/d/2015-honda-civic-ex/6494534057.html,2018-02-12 17:51,5,0.6367058286757158
 (san bernardino),2015 Honda Civic Ex,2015,Civic,14349,8767,https://sandiego.craigslist.org/nsd/cto/d/2015-honda-civic-ex/6494503216.html,2018-02-12 17:18,5,0.6367058286757158
 (san bernardino),2015 Honda Civic EX,2015,Civic,14349,8767,https://inlandempire.craigslist.org/cto/d/2015-honda-civic-ex/6494440898.html,2018-02-12 16:16,5,0.6367058286757158
 (san bernardino),2015 Honda Civic Ex,2015,Civic,14349,8767,https://orangecounty.craigslist.org/cto/d/2015-honda-civic-ex/6494459161.html,2018-02-12 16:34,5,0.6367058286757158
 (san bernardino),2015 Honda Civic Ex,2015,Civic,14349,8767,https://sandiego.craigslist.org/nsd/cto/d/2015-honda-civic-ex/6494503216.html,2018-02-12 17:18,5,0.6367058286757158
 (san bernardino),2015 Honda Civic Ex,2015,Civic,14349,8767,https://losangeles.craigslist.org/sgv/cto/d/2015-honda-civic-ex/6494534057.html,2018-02-12 17:51,5,0.6367058286757158
 (san bernardino),2015 Honda Civic Ex,2015,Civic,14349,8767,https://orangecounty.craigslist.org/cto/d/2015-honda-civic-ex/6494459161.html,2018-02-12 16:34,5,0.6367058286757158
 (Westchester),2013 Honda Civic Coupe EX 36K  2 YR Warranty,2013,Civic,12900,7860,https://losangeles.craigslist.org/lac/cto/d/2013-honda-civic-coupe-ex-36k/6496903896.html,2018-02-16 18:46,1,0.6412213740458015
 (monterey park),2003 honda civic GX cng only 040455 orig mile w/decal ++++++++++++++++,2003,Civic,4200,2554,https://losangeles.craigslist.org/lac/cto/d/2003-honda-civic-gx-cng/6489966743.html,2018-02-11 17:59,6,0.6444792482380579
 (Paramount),2009 Honda Civic,2009,Civic,9000,5470,https://losangeles.craigslist.org/lgb/cto/d/2009-honda-civic/6491991519.html,2018-02-10 14:10,7,0.6453382084095064
 (whittier),2005 Honda Civic LX,2005,Civic,5800,3517,https://losangeles.craigslist.org/lgb/cto/d/2005-honda-civic-lx/6461253127.html,2018-01-19 16:35,29,0.6491327836224055
 (Lake Forest),2013 Honda Civic Hybrid Grey 67k Miles Clean Title Navigation,2013,Civic,12999,7860,https://orangecounty.craigslist.org/cto/d/2013-honda-civic-hybrid-grey/6449813740.html,2018-02-04 06:43,13,0.6538167938931297
 (Aliso viejo),"Honda Civic EX-L 2015, low miles, clean title",2015,Civic,14500,8767,https://orangecounty.craigslist.org/cto/d/honda-civic-ex-2015-low-miles/6493967365.html,2018-02-12 10:35,5,0.6539295083837117
 (SYLMAR),2015 HONDA CIVIC LX ! EXCELLENT CONDITIONS,2015,Civic,14500,8767,https://losangeles.craigslist.org/sfv/cto/d/2015-honda-civic-lx-excellent/6479973574.html,2018-01-31 14:03,17,0.6539295083837117
 (Camp Pendleton),2013 Honda Civic Sedan,2013,Civic,13000,7860,https://sandiego.craigslist.org/nsd/cto/d/2013-honda-civic-sedan/6496906605.html,2018-02-14 17:06,3,0.6539440203562341
 (Irvine),2013 Honda Civic Hybrid,2013,Civic,13000,7860,https://orangecounty.craigslist.org/cto/d/2013-honda-civic-hybrid/6472940320.html,2018-01-25 15:32,23,0.6539440203562341
 (La Jolla),2011 HONDA CIVIC EX COUPE 2011,2011,Civic,11000,6613,https://sandiego.craigslist.org/csd/cto/d/2011-honda-civic-ex-coupe-2011/6469132290.html,2018-02-12 10:52,5,0.6633902918493876
 (La Jolla),2011 HONDA CIVIC EX COUPE 2011,2011,Civic,11000,6613,https://sandiego.craigslist.org/csd/cto/d/2011-honda-civic-ex-coupe-2011/6469133088.html,2018-02-12 10:52,5,0.6633902918493876
 (Long Beach),2008 Honda Civic Si,2008,Civic,8995,5400,https://losangeles.craigslist.org/wst/cto/d/2008-honda-civic-si/6490659955.html,2018-02-13 17:03,4,0.6657407407407407
 (El Cajon),2014 Honda Civic,2014,Civic,12900,7719,https://sandiego.craigslist.org/csd/cto/d/2014-honda-civic/6498232403.html,2018-02-15 19:46,1,0.6712009327633113
 (El Cajon),2014 Honda Civic,2014,Civic,12900,7719,https://sandiego.craigslist.org/csd/cto/d/2014-honda-civic/6498232403.html,2018-02-15 19:46,1,0.6712009327633113
 (INLAND EMPIRE),2014 HONDA CIVIC EX GRAY SEDAN,2014,Civic,12999,7719,https://inlandempire.craigslist.org/cto/d/2014-honda-civic-ex-gray-sedan/6469816344.html,2018-02-15 07:02,2,0.6840264282938204
 (92113),2014 Honda Civic EX Coupe,2014,Civic,13000,7719,https://sandiego.craigslist.org/csd/cto/d/2014-honda-civic-ex-coupe/6477098164.html,2018-01-29 09:20,19,0.6841559787537246
 (RANCHO CUCAMONGA),2015 HONDA CIVIC EX SILVER CLEAN TITLE,2015,Civic,14899,8767,https://inlandempire.craigslist.org/cto/d/2015-honda-civic-ex-silver/6467804615.html,2018-02-09 11:09,8,0.6994410858902703
 (INLAND EMPIRE),2015 HONDA CIVIC EX SILVER SEDAN,2015,Civic,14999,8767,https://inlandempire.craigslist.org/cto/d/2015-honda-civic-ex-silver/6472851780.html,2018-02-16 15:57,1,0.7108474962929167
 (INLAND EMPIRE),2015 HONDA CIVIC EX SILVER SEDAN,2015,Civic,14999,8767,https://orangecounty.craigslist.org/cto/d/2015-honda-civic-ex-silver/6472938272.html,2018-02-16 13:38,1,0.7108474962929167
 (INLAND EMPIRE),2015 HONDA CIVIC EX SILVER SEDAN,2015,Civic,14999,8767,https://inlandempire.craigslist.org/cto/d/2015-honda-civic-ex-silver/6472851780.html,2018-02-16 15:57,1,0.7108474962929167
 (INLAND EMPIRE),2015 HONDA CIVIC EX SILVER SEDAN,2015,Civic,14999,8767,https://orangecounty.craigslist.org/cto/d/2015-honda-civic-ex-silver/6472938272.html,2018-02-16 13:38,1,0.7108474962929167
 (INLAND EMPIRE),2015 HONDA CIVIC EX SILVER SEDAN,2015,Civic,14999,8767,https://orangecounty.craigslist.org/cto/d/2015-honda-civic-ex-silver/6472938272.html,2018-02-16 13:38,1,0.7108474962929167
 (INLAND EMPIRE),2015 HONDA CIVIC EX SILVER SEDAN,2015,Civic,14999,8767,https://losangeles.craigslist.org/lac/cto/d/2015-honda-civic-ex-silver/6468493434.html,2018-02-15 11:07,2,0.7108474962929167
 (Burbank),Honda Civic lx 2015 15k,2015,Civic,15000,8767,https://losangeles.craigslist.org/sfv/cto/d/honda-civic-lxk/6464877567.html,2018-01-22 11:42,26,0.7109615603969431
 (Irvine),2013 Honda Civic Hybrid,2013,Civic,13500,7860,https://orangecounty.craigslist.org/cto/d/2013-honda-civic-hybrid/6471528783.html,2018-01-24 12:46,24,0.7175572519083969
 (Irvine),2013 Honda Civic Hybrid,2013,Civic,13500,7860,https://orangecounty.craigslist.org/cto/d/2013-honda-civic-hybrid/6469178031.html,2018-01-22 14:26,26,0.7175572519083969
 (Garden grove),2010 civic GX CNG NGV,2010,Civic,9500,5526,https://orangecounty.craigslist.org/cto/d/2010-civic-gx-cng-ngv/6488083838.html,2018-02-16 16:01,1,0.7191458559536735
 (Temecula),2008 Honda Civic SI 4d Sedan with low miles.,2008,Civic,9300,5400,https://sandiego.craigslist.org/nsd/cto/d/2008-honda-civic-si-4d-sedan/6499008827.html,2018-02-16 12:09,1,0.7222222222222222
 (Costa mesa),2003 Honda civic Dx low mileage,2003,Civic,4500,2554,https://orangecounty.craigslist.org/cto/d/2003-honda-civic-dx-low/6485892669.html,2018-02-05 15:13,12,0.7619420516836335
 (SOUTH EL MONTE),2013 HONDA CIVIC SI,2013,Civic,13995,7860,https://losangeles.craigslist.org/sgv/cto/d/2013-honda-civic-si/6479883921.html,2018-02-13 13:36,4,0.7805343511450382
 (SOUTH EL MONTE),2013 HONDA CIVIC SI,2013,Civic,13995,7860,https://orangecounty.craigslist.org/cto/d/2013-honda-civic-si/6479887506.html,2018-02-13 13:36,4,0.7805343511450382
 (SOUTH EL MONTE),2013 HONDA CIVIC SI,2013,Civic,13995,7860,https://inlandempire.craigslist.org/cto/d/2013-honda-civic-si/6479890669.html,2018-02-13 13:36,4,0.7805343511450382
 (SOUTH EL MONTE),2013 HONDA CIVIC SI,2013,Civic,13995,7860,https://inlandempire.craigslist.org/cto/d/2013-honda-civic-si/6479890669.html,2018-02-13 13:36,4,0.7805343511450382
 (SOUTH EL MONTE),2013 HONDA CIVIC SI,2013,Civic,13995,7860,https://orangecounty.craigslist.org/cto/d/2013-honda-civic-si/6479887506.html,2018-02-13 13:36,4,0.7805343511450382
 (SOUTH EL MONTE),2013 HONDA CIVIC SI,2013,Civic,13995,7860,https://inlandempire.craigslist.org/cto/d/2013-honda-civic-si/6479890669.html,2018-02-13 13:36,4,0.7805343511450382
 (Westwood),Honda Civic 2013 Low Mileage,2013,Civic,14000,7860,https://losangeles.craigslist.org/wst/cto/d/honda-civic-2013-low-mileage/6493144076.html,2018-02-11 15:58,6,0.7811704834605598
 (La Puente),2009 Civic Si Coupe 2.0 iVtec K20,2009,Civic,9850,5470,https://losangeles.craigslist.org/sgv/cto/d/2009-civic-si-coupe-20-ivtec/6497608148.html,2018-02-15 10:33,2,0.8007312614259597
 (Orange County),2012 Honda Civic SI Sedan,2012,Civic,13000,7208,https://orangecounty.craigslist.org/cto/d/2012-honda-civic-si-sedan/6480375762.html,2018-01-31 22:18,16,0.8035516093229744
 (Northridge),2014 Honda Civic EX,2014,Civic,13990,7719,https://losangeles.craigslist.org/sfv/cto/d/2014-honda-civic-ex/6488351501.html,2018-02-07 14:38,10,0.8124109340588159
 (Northridge),2014 Honda Civic EX,2014,Civic,13990,7719,https://losangeles.craigslist.org/sfv/cto/d/2014-honda-civic-ex/6488351501.html,2018-02-07 14:38,10,0.8124109340588159
 (INLAND EMPIRE),2014 HONDA CIVIC EX GRAY SEDAN,2014,Civic,13999,7719,https://orangecounty.craigslist.org/cto/d/2014-honda-civic-ex-gray-sedan/6471773471.html,2018-02-16 12:27,1,0.8135768881979532
 (INLAND EMPIRE),2014 HONDA CIVIC EX GRAY SEDAN,2014,Civic,13999,7719,https://orangecounty.craigslist.org/cto/d/2014-honda-civic-ex-gray-sedan/6471773471.html,2018-02-16 12:27,1,0.8135768881979532
 (INLAND EMPIRE),2014 HONDA CIVIC EX GRAY SEDAN,2014,Civic,13999,7719,https://orangecounty.craigslist.org/cto/d/2014-honda-civic-ex-gray-sedan/6471773471.html,2018-02-16 12:27,1,0.8135768881979532
 (Downtown SD),2013 Honda Civic Ex-L w/Navi,2013,Civic,14500,7860,https://sandiego.craigslist.org/csd/cto/d/2013-honda-civic-ex-w-navi/6497802376.html,2018-02-15 12:48,2,0.8447837150127226
 (Carlsbad),2014 Honda Civic EX,2014,Civic,14400,7719,https://sandiego.craigslist.org/nsd/cto/d/2014-honda-civic-ex/6469455282.html,2018-02-15 19:48,1,0.8655266226195103
 (FULLERTON),2003 HONDA CIVIC GX ( LOW MILEAGE 037268 ),2003,Civic,4900,2554,https://orangecounty.craigslist.org/cto/d/2003-honda-civic-gx-low/6497898207.html,2018-02-15 14:00,2,0.9185591229444009
 (Temecula),"2005 Honda Civic EX 4 door 80,000 miles",2005,Civic,7000,3517,https://inlandempire.craigslist.org/cto/d/2005-honda-civic-ex-4/6492128677.html,2018-02-10 16:23,7,0.9903326698891101
 (Rancho Santa Margarita),2010 Civic Si Taffeta White w/ Tasteful Mods for Autocross / Track,2010,Civic,11000,5526,https://orangecounty.craigslist.org/cto/d/2010-civic-si-taffeta-white/6477906502.html,2018-02-06 21:43,10,0.9905899384726746
 (hemet),"2000 civic dx hatchback auto ultra low 21,700 miles",2000,Civic,4000,1892,https://inlandempire.craigslist.org/cto/d/2000-civic-dx-hatchback-auto/6493223960.html,2018-02-11 17:24,6,1.1141649048625792
 (FULLERTON),2003 HONDA CIVIC GX ( LOW MILEAGE 026146 ),2003,Civic,5500,2554,https://orangecounty.craigslist.org/cto/d/2003-honda-civic-gx-low/6497000520.html,2018-02-14 19:16,2,1.1534847298355522
 (Adelanto CA),Honda Civic LX 2001,2001,Civic,4500,2084,https://inlandempire.craigslist.org/cto/d/honda-civic-lx-2001/6475127512.html,2018-01-27 12:43,21,1.1593090211132437
 (Lawndale),Honda Civic Si 2009,2009,Civic,12000,5470,https://losangeles.craigslist.org/wst/cto/d/honda-civic-si-2009/6470817035.html,2018-02-09 20:30,7,1.193784277879342
 (West Hills),2001 Honda Civic Coupe only 74K Miles,2001,Civic,4800,2084,https://losangeles.craigslist.org/sfv/cto/d/2001-honda-civic-coupe-only/6493266830.html,2018-02-14 10:38,3,1.3032629558541267
 (Tujunga),2000 Honda Civic LX,2000,Civic,4500,1892,https://losangeles.craigslist.org/sgv/cto/d/2000-honda-civic-lx/6488172737.html,2018-02-07 12:24,10,1.3784355179704018
 (Tujunga),2000 Honda Civic LX,2000,Civic,4500,1892,https://losangeles.craigslist.org/sgv/cto/d/2000-honda-civic-lx/6488172737.html,2018-02-07 12:24,10,1.3784355179704018
 (Hemet),2002 Honda Civic Dx,2002,Civic,5500,2297,https://inlandempire.craigslist.org/cto/d/2002-honda-civic-dx/6477662271.html,2018-02-05 20:58,11,1.3944275141488898
 (High Desert),2010 Honda Civic Si sedan,2010,Civic,13500,5526,https://inlandempire.craigslist.org/cto/d/2010-honda-civic-si-sedan/6496440548.html,2018-02-14 10:31,3,1.4429967426710097
 (Hemet),"2000 Honda Civic LX 49,000 Original Miles Amazing Condition",2000,Civic,5500,1892,https://inlandempire.craigslist.org/cto/d/2000-honda-civic-lxoriginal/6493005455.html,2018-02-16 06:50,1,1.9069767441860466
